strate,poids,deplacement,similarite,regle_actuelle,meme_entree,note,gauche_rubrique,gauche_page,gauche_texte,droite_rubrique,droite_page,droite_texte,left_uuid,right_uuid
d3/s0.75-0.85,1.50,3,0.8103,non,NON,,ARCHITECTES,7,"Brochet, rue Neuve-le-Pelletier, 7.",ARCHITECTES.,7,"Brochet, rue Favart, 6.",f6e5bd61-f75e-5e97-bd4f-a2a1ee177dc6,c7076708-30c1-5e6d-8a38-ab2c1ee6cdc2
d6-10/s0.85-0.90,1.00,10,0.8676,oui,OUI,,ARCHITECTES,7,"Ducharme, rue Croix-des-Petits-Champs, 25.",ARCHITECTES.,7,"Deschaumes, rue Croix-des-Petits-Champs, 25.",5d12fc62-20f4-5c80-88af-77c54eb9afd1,a2b08dbc-22f6-517a-abf3-6e24bfd09415
d11-50/s0.75-0.85,4.00,14,0.7501,non,NON,,BANQUIERS,11,"Lebrun (François) et comp., rue des Sausseries, 11.",BANQUIERS.,11,"Parquez (Franç.) et comp., rue de Choiseul, 15.",13aad76e-b247-5790-9e49-0809d723b548,19b381eb-67d1-564f-ad2c-91b31adb5c9d
d3/s0.90+,2.38,3,0.9600,oui,OUI,,BIJOUTIERS ET JOAILLIERS,11,"Bapst, quai de l'École.",BIJOUTIERS ET JOAILLIERS.,12,"Bapst, quai de l'École, 30.",402a9ed4-4808-5a1a-8c27-d695ff781e63,49d03e7f-c99d-5df8-99aa-a7e3b3de6cf2
d11-50/s0.75-0.85,4.00,28,0.8310,non,NON,,BIJOUTIERS ET JOAILLIERS,12,"Bouchard (V.e), rue des Fossés-Montmartre, 14, passage du Vigan.",BIJOUTIERS ET JOAILLIERS.,12,"Couchard, rue des Fossés-Montmartre, 145 passage du Vigan.",4f698480-5708-5e51-b5c7-15098a21e35b,d1a48fc9-d46d-5b37-941e-8692501bea89
d11-50/s0.85-0.90,1.00,17,0.8707,oui,NON,,BIJOUTIERS ET JOAILLIERS,12,"Capron, rue Michel-le-Pelletier, 53.",BIJOUTIERS ET JOAILLIERS.,12,"Crepon, rue Michel-Lepelletier, 33.",f51dea29-c5b2-52ca-bede-fef5ef14a000,1db5c833-f24f-5c9b-b3e9-f18d13bd69c6
d3/s0.85-0.90,1.00,3,0.8824,oui,OUI,Erreur OCR 65 -> 63,BIJOUTIERS ET JOAILLIERS,13,"Michelin, rue Saint-Louis, 65.",BIJOUTIERS ET JOAILLIERS.,14,"Michelin, rue St.-Louis-du-Palais, 63.",59131a57-a158-542a-aef9-fc3206d72452,38403aed-65e7-56d1-85e7-6fbd212f8039
d6-10/s0.85-0.90,1.00,7,0.8605,oui,INCERTAIN,"Certainement le même, mais avec une typo dans le document original sur le nom, pas une erreur OCR. ",BIJOUTIERS ET JOAILLIERS,13,"Mollelot, rue du Coq-Saint-Honoré, 11.",BIJOUTIERS ET JOAILLIERS.,14,"Mellénot, rue du Coq-Saint-Honoré, 11.",49452fc5-41b7-5cb4-b0eb-fc830cc076fa,afcfe0bb-4e14-59df-9ecf-18d0de872c2d
d>50/s0.90+,2.12,169,0.9167,oui,INCERTAIN,"Certainement le même, mais déplacement dans la liste car ajout de ""De"" en 1808. Et erreur OCR en 1807 : 51 -> 31",BIJOUTIERS ET JOAILLIERS,14,"Saint, rue Montorgueil, 51.",BIJOUTIERS ET JOAILLIERS.,12,"Desaint, rue Montorgueil, 31.",88edb68b-0f64-541c-82cc-126b0db4be59,75a1039f-ad36-528f-9e7e-31c3aebdc3e1
d6-10/s0.85-0.90,1.00,8,0.8822,oui,OUI,"C'est le même, mais orthographié un peu différemment car nom étranger.",BIJOUTIERS ET JOAILLIERS,14,"Vanhiems, rue Montmartre, 64.",BIJOUTIERS ET JOAILLIERS.,15,"Wanheems, rue Montmartre, 64.",51bf41f3-e326-5c8a-8d4c-4f68bd49875e,5032bfe1-22c2-52a5-910c-0484b710d721
d3/s0.85-0.90,1.00,3,0.8515,oui,OUI,Avec erreur OCR en 1807: 50 -> 30,BOIS (MARCHANDS DE),16,"Robert (les frères et compagnie), bois de sciage en gros, rue Culture-Sainte-Catherine, 50.",BOIS. (MARCHANDS DE),17,"Robert frères et comp., de sciage en gros, rue Culture Ste.-Catherine, 30.",d91cf335-7b17-5637-aa18-09bd77e0044a,79853b58-9e1a-551c-95b6-385b7daba020
d6-10/s0.60-0.75,16.50,7,0.7403,non,NON,,BOIS (MARCHANDS DE),16,"Roger, rue des Francs-Bourgeois, 9, au Marais.",BOIS. (MARCHANDS DE),17,"Roze, planches, rue des Francs-Bourgeois-Saint-Germain, 5.",b268c4b6-3c56-58d7-98ac-ebe4d8514cc8,37076c70-2717-5f0d-a9ed-5835b8892133
d2/s0.85-0.90,1.88,2,0.8784,oui,OUI,,BOIS (MARCHANDS DE),17,"Trompette, rue de Sèvres, près la barrière, 2.",BOIS. (MARCHANDS DE),17,"Trompette, rue de Sèvres, 2.",cd8daa67-cefa-56b7-9571-5194ca669a12,4784fac3-629a-50ab-b038-ad80d7c4ab46
d3/s0.90+,2.38,3,0.9498,oui,OUI,"C'est le même, mais orthographié un peu différemment (V/W)",BONNETIERS,19,"Valdruche, rue du Four-St.-Honoré, 46.",BONNETIERS.,20,"Waldruche, rue du Four-St.-Honoré, 46.",a17e8d24-1a1d-5c40-9d62-e5197c2618a3,6ff49937-1196-5c64-bcda-d3cc1eccdc64
d4-5/s0.90+,2.88,4,1.2000,oui,OUI,,BOUCHERS,20,"Crouslé, rue du Mont-Blanc, 24.",BOUCHERS.,21,"Crouslé, rue du Mont-Blanc, 24.",97c8efb7-2b01-5ff8-b52e-0d9d8bfab4f7,2d3593b3-c35e-5e90-be8d-8a2f9e7f0a71
d4-5/s0.85-0.90,1.00,4,0.8942,oui,OUI,,BOUCHERS,20,"Croulé, rue S.-Dominique-S.-Germain, 91.",BOUCHERS.,21,"Crouslé, rue St.-Dominique, 91.",7448c985-395b-534d-9f2a-c2e3e43ce2c1,0c969fbe-3150-5133-8b14-8ec96235e4b6
d2/s0.90+,7.25,2,1.2000,oui,OUI,,BOUCHERS,20,"Drieux, rue du Faub.-du-Temple, 10.",BOUCHERS.,21,"Drieux, rue du Faub.-du-Temple, 10.",2c1842f9-f748-5277-9cfc-f60c593f6d79,ae9eadb3-9776-5eb3-b147-2fa718a36dfe
d1/s0.60-0.75,10.00,1,0.6139,non,NON,,BOUCHERS,21,"Hersant, rue d'Amboise, 12.",BOUCHERS.,22,"Hue, rue Montmartre, 158.",f5554d49-bd80-5349-83c6-acb486dff248,68189349-8f66-54c8-8565-0cd84c313674
d4-5/s0.90+,2.88,5,0.9861,oui,OUI,"Changement de numéro dans le document original, pas une erreur ocr.",BOUCHERS,21,"Les Broussard, rue Saint-Denis, 316.",BOUCHERS.,22,"Les Broussard, rue Saint-Denis, 336.",d62bdccc-34e3-5342-af82-141f1f71b86c,02f38c52-71b8-5abc-a884-6c55ae5b2e55
d4-5/s0.90+,2.88,5,0.9683,oui,OUI,,BOUCHERS,21,"Le Roi, rue Coquillièr, 28.",BOUCHERS.,22,"Leroi, rue Coquillièr, 28.",148cc4a3-b2cd-564d-b74f-9c8c1dbaca84,f795b2ef-7917-5159-b797-1064ce64c203
d6-10/s0.85-0.90,1.00,9,0.8760,oui,OUI,Petite type OCR en 1808 et orthographie légèrement différence : Clermanson [1807] -> Clermançon [1808],BRASSEURS,24,"Clermanson, rue Saint-Pierre-Pont-aux-Choux, 8.",BRASSEURS.,25,"Clemancçon, rue Saint-Pierre, 8. (Pont-aux-Choux.)",4cd8adc6-e4c2-5308-94bd-0f5f7ed1e8b4,c9d2f18e-3583-5014-b034-c5f7ba0a3266
d2/s0.90+,7.25,2,0.9146,oui,OUI,"Déménagement, ou changement dans la manière de désigner son adresse.",BRASSEURS,24,"Novet (brasserie de Louvain), rue du Faub.-Saint-Martin.",BRASSEURS.,25,"Novet, brasserie de Louvain, rue des Marais, faubourg Saint-Martin.",4419ffe5-9661-5ec3-8a83-889aff32a97c,4e971ff6-121a-5619-b16d-89c4c2a4fbfa
d2/s0.90+,7.25,2,1.2000,oui,OUI,,BRASSEURS,24,"Letalnet, rue Saint-Sébastien, 2.",BRASSEURS.,25,"Letalnet, rue Saint-Sébastien, 2.",bddf24ae-3ed7-5eff-84ea-5a266761c626,3bcb8fea-028d-5358-b3cf-ec15fbbe8c71
d11-50/s0.85-0.90,1.00,44,0.8940,oui,OUI,Précision ou changement de numéro.,CHAPELIERS,27,"Baclard, fabr., rue Popincourt, 61-59.",CHAPELIERS,29,"Déaclard, fabr., rue Popincourt, 59.",215b2b21-0d3a-5c4b-a5a6-9302d975ce87,6be2f8b0-7316-513c-877a-c20e1e6f9a76
d1/s0.90+,17.62,1,1.2000,oui,OUI,,CHEVAUX (MARCHANDS DE),29,"Lenormand, rue de Lancry, 6.",CHEVAUX. (MARCHANDS DE),31,"Lenormand, rue de Lancry, 6.",165453b4-ca7b-51ee-af04-3169d7821433,67b8a0bd-a7e9-578f-b8c1-477e72895e09
d2/s0.90+,7.25,2,1.2000,oui,OUI,,CHEVAUX (MARCHANDS DE),29,"Rivière-Ravant, rue de Bondy, 28.",CHEVAUX. (MARCHANDS DE),31,"Rivière-Ravant, rue de Bondy, 28.",592ac832-9359-533d-8eaa-f46ebbb07172,efbfade9-7b55-560c-b4a0-a3fc5dcf3dde
d>50/s0.75-0.85,8.75,98,0.7639,non,NON,,COMMISSIONNAIRES,30,"Brôleman et comp., rue du Ponceau, 7.",COMMISSIONNAIRES.,34,"Tremeau et comp., rue d'Amboise, 5.",7550b73e-5f33-5e25-88d8-2985ff5ae842,518a1df1-3b87-5449-8c92-b143f49140df
d2/s0.60-0.75,7.62,2,0.7150,non,NON,,COMMISSIONNAIRES,31,"Conquet, rue Trainée, 15.",COMMISSIONNAIRES.,32,"Coinet, rue des Piliers-Potiers-d'Etain, 38.",b3f675aa-3a5d-56db-b10c-628eb87e8fbf,adbef5ce-2d62-5923-afef-88ebb0731291
d2/s0.60-0.75,7.62,2,0.6167,non,NON,,COMMISSIONNAIRES,31,"Lepointe, rue du Faubourg-Poissonnière, 10.",COMMISSIONNAIRES.,33,"Louis, rue du Marché-aux-Poirées, 26.",7d7aec85-d879-5af8-9881-db3c4226fc86,e0a43615-f9f2-5f37-b0ea-40f016ccdd6f
d6-10/s0.60-0.75,16.50,10,0.6144,non,NON,,CONFISEURS,32,"Auce, rue Saint-Jacques.",CONFISEURS.,34,"Chauchot, rue Saint-Antoine, 102.",6bc61de2-8cd3-5755-8dc7-ffd7406b73a8,8eec49fc-7632-5c6c-9dd9-3dcf7b8562e8
d6-10/s0.75-0.85,2.75,6,0.8319,non,OUI,"En fait c'est le même, mais seul le contexte permet de trancher : en 1807 on a Gabault et Gabault jeune. En 1808 ne reste plus que Gabault, qui n'a plus la mention ""jeune"". L'adresse constante aider également à cette conclusion.",CORROYEURS,33,"Gabault jeune, rue du Faubourg-Saint-Martin.",CORROYEURS.,35,"Gabault, rue du Faub.-St.-Martin, 104.",17639ab6-7926-5bde-b040-1ba2152ac6a2,82e220b7-acb4-51cb-88d9-15d0d6d373df
d11-50/s0.75-0.85,4.00,17,0.8010,non,OUI,Typo dans le document original : BaDin <-> DaBin,COUTELIERS,35,"Dabin, rue des Bons-Enfants, 27, ou rue du Lycée.",COUTELIERS.,37,"Badin , rue des Bons-Enfans , 27; et rue du Lycée.",bbd12ea9-5def-5206-a2c3-f1e90abbd899,ddd9e3a5-8e08-5afd-aa54-4234ffba654a
d1/s0.90+,17.62,1,0.9500,oui,OUI,"Certainement le même, changement de numéro.",COUTELIERS,36,"Marsoaille, rue S.te-Avoye, 4.",COUTELIERS.,38,"Marsoaille, rue St.-Avoie, 64.",0ae1d6b4-5721-5739-8e86-3cac0766a179,a1c37b0d-ba94-582b-9406-9ec225ddf50a
d1/s0.85-0.90,6.38,1,0.8907,oui,OUI,"Le même : orthographie ""Mamest"" en 1807, ""Marnest"" en 1808 (petite erreur ocr d'ailleurs).",COUTELIERS,36,"Mamest, rue de Beaune, 4.",COUTELIERS.,38,"Marrest, rue de Beanne, 4.",eba6e841-e41f-5f2e-8686-69cd30fe7d57,07642e6a-3f0c-5fae-9da2-044ea6abac71
d1/s0.75-0.85,7.75,1,0.8420,non,OUI,Erreur OCR en 1807 : 225 -> 223,CUIVRES ET MÉTAUX (MARCHANDS DE),37,"Laveissière (Maurice), rue S.-Martin, 225.",CUIVRES ET MÉTAUX. (MARCHANDS DE),39,"Laveissière, rue Saint-Martin, 223.",d987e34e-26d6-5685-ba41-3b82de594476,fae7eb84-952b-5dbe-9c9a-2f1005302f94
d3/s0.85-0.90,1.00,3,0.8750,oui,OUI,Sans doute le même.,DISTILLATEURS,38,"Bruneau, liqueurs fines, rue Greneta, 6.",DISTILLATEURS.,40,"Bruneau, rue Greneta, 6.",2100fd05-d3d2-56b1-b9ab-3bce9335dc3e,8d6af7dc-3d9a-5e09-9b6f-0d27ef9522bc
d1/s0.85-0.90,6.38,1,0.8705,oui,OUI,"Sans doute le même, mais en 1807 avec un associé.",DISTILLATEURS,38,"Dépré et comp., rue Planche-Mibray, 15.",DISTILLATEURS.,40,"Dépré, rue Planche-Mibray, 15.",7913f00a-1195-5209-a895-ec9e7623c366,40e7de43-ec8c-54c8-8c7f-a52c65418afc
d3/s0.60-0.75,6.00,3,0.6797,non,NON,,DRAPS (MARCHANDS DE),39,"Chanton, rue de l'Aiguillerie, 6.",DRAPS. (MARCHANDS DE),41,"Caron, rue des Gobelins, 17.",9304e174-8474-5dbc-9cca-6e3c864c0386,166620ff-9488-5ddd-9e5d-6d8346757709
d3/s0.60-0.75,6.00,3,0.6792,non,NON,,DRAPS (MARCHANDS DE),40,"Lelievre, rue Saint-Marc, 4.",DRAPS. (MARCHANDS DE),42,"Lefilastre, rue St.-Denis, 153.",9bac3892-b8cd-572f-948b-d984430167bc,6993cd04-0bbd-53a0-81b7-7df302ec62d2
d4-5/s0.75-0.85,2.25,5,0.7602,non,INCERTAIN,"Possiblement le même, l'adresse est un indice + Beaupré/Beauprey dans les 2 subj. Peut-être avec un associé en 1808...",EAU-DE-VIE (MARCHANDS D'),41,"Beaupré, rue des Prouvaires, 8.",EAU-DE-VIE. (MARCHANDS D'),43,"Cuzni-Beauprey, rue des Prouvaires, 8.",95de2ff4-0b5c-5e19-a7c8-58b8aeb870f5,820a0d8c-4ae5-5909-baaa-ba9c56944f31
d4-5/s0.60-0.75,6.75,5,0.6101,non,NON,,EAU-DE-VIE (MARCHANDS D'),41,"Dufour, rue Saint-Honoré, 212.",EAU-DE-VIE. (MARCHANDS D'),43,"Gourdee, rue Saint-Victor, 163.",6738edc6-da2d-58e1-80b4-f8004b448339,10dd66c7-57b5-5852-b90c-ed4bd05d86fa
d11-50/s0.85-0.90,1.00,37,0.8683,oui,OUI,"Sans doute le même malgré typo dans la source : même adresse, même métier, mais Bibert absent de 1807 et Ribert absent de 1808.",ENTREPRENEURS DE BÂTIMENS,45,"Ribert, toiseur, rue Thibaudoté, 9.",ENTREPRENEURS DE BATIMENS.,47,"Bibert, toiseur, rue Thibautodé, 9.",021a08ec-da35-5752-b838-ef2ac75e9c29,116a69dd-19b5-53a3-8f45-f9b41e04a1cb
d>50/s0.60-0.75,105.25,128,0.7335,non,NON,,ÉPICIERS,46,"Blondel-Durosne, rue du Petit-Carreau, 8.",ÉPICIERS.,50,"Dehu, rue du Petit-Carreau, 8.",9a68b4ac-3a9c-52c8-b1ca-ef2e2780fe36,6288835e-7ec3-59f2-9bf6-2f4bbf23d120
d6-10/s0.75-0.85,2.75,7,0.8054,non,NON,,ÉPICIERS,46,"Bourdon, rue Saint-Antoine, 80.",ÉPICIERS.,48,"Boudin, rue du Faub.-St.-Antoine, 2.",f7dd35f2-1c04-50fc-a646-2be8647a864e,ab1b3588-1527-5a9f-984b-cd458777958b
d3/s0.75-0.85,1.50,3,0.7670,non,OUI,Rue égalité = rue de condé,ÉPICIERS,46,"Burard (Guillaume), rue Egalité, 4.",ÉPICIERS.,49,"Burard, (G.) rue de Condé, 4.",bd70f124-0692-5c5f-aa9e-ab6e58679232,a4ddbb15-df77-5fa4-8ccb-cb019dcfed13
d4-5/s0.75-0.85,2.25,5,0.7749,non,NON,,ÉPICIERS,46,"Cauville, rue S.-Denis, 239.",ÉPICIERS.,49,"Canuet, rue Saint-Denis, 323.",c7ca1692-03cb-508b-9cb3-559620996ba9,4b1ade60-a7a4-5660-a424-921d37376e2e
d11-50/s0.90+,3.62,21,0.9549,oui,OUI,,ÉPICIERS,47,"Delevenne, rue du Petit-Pont, 15.",ÉPICIERS.,50,"Develenne, rue du Petit-Pont, 15.",dd463c50-c81c-5b07-9fdc-7c5aa8191aba,1ebacd99-9b30-5de2-a14b-e75c480f4e27
d11-50/s0.85-0.90,1.00,16,0.8872,oui,OUI,,ÉPICIERS,48,"Guilbert, en gros, rue de la Verrerie, 89.",ÉPICIERS.,51,"Gibert, rue de la Verrerie, 89.",2b60cd10-9053-503a-85a5-77d3839f798c,a6d7cc4d-9d55-50e5-ba5e-d3f6b4233160
d4-5/s0.60-0.75,6.75,5,0.6407,non,NON,,ÉPICIERS,50,"Noliveau, rue Vielle-du-Temple, 68.",ÉPICIERS.,53,"Nicolas, rue de Bretagne, 1.",3c133a1f-a25f-5dca-b712-d2dd2a6ac510,2a272b60-54d3-5fd6-932a-6b38a010cf78
d2/s0.90+,7.25,2,0.9815,oui,OUI,,ÉPICIERS,50,"Perrache, principalement les thés, rue des Fossés-Montmartre, 12.",ÉPICIERS.,53,"Perache, principalement les thés, rue des Fossés-Montmartre, 12.",7685050b-53ab-5824-a27d-060a3a130c5e,9c5a9061-334b-58eb-8629-1d8215e8d461
d4-5/s0.75-0.85,2.25,4,0.8190,non,NON,,ÉPICIERS,51,"Renaud, rue de Thionville, 20.",ÉPICIERS.,54,"Renaude, rue de l'Université, 39.",1ef4dc65-167d-56f1-bf5f-1d0e6c372b7f,92a9d7d9-bdc5-50fe-9bba-fdc89e893981
d4-5/s0.85-0.90,1.00,4,0.8929,oui,OUI,,FAIENCIERS,55,"Petit (M.me V.e), rue de la Verrerie, 37.",FAIENCIERS.,59,"Petit, (Ve.) rue de la Verrerie, 37.",f31d35af-48c6-5b6a-8b98-2ea4efe05b04,e17d6ca8-427c-5245-bf0b-6917939269b2
d4-5/s0.75-0.85,2.25,4,0.8414,non,OUI,Même entrée avec un associé en plus,FAIENCIERS,55,"Petit (Charles), quai de la Tournelle, 43.",FAIENCIERS.,59,"Petit, (Ch. et J.-B.) quai de la Tournelle, 43.",f236bc96-2ddc-5895-9448-b4973833f0f6,1374b03b-408e-5aae-ae0a-39fb9e0693b6
d6-10/s0.60-0.75,16.50,6,0.6055,non,OUI,Précisions en plus,FILATURES DE COTON,56,"Franck Morris, à Gisors; et rue de Cléry, 9.",FILATURES DE COTON.,60,"Morris, (Franck) et fabr. de toiles de Gisors; dépôt rue de Cléry, 9.",38fd3e58-03c6-54fb-9b5b-27aae141350a,bd9445b6-f854-5415-b62c-6eed052fc972
d1/s0.90+,17.62,1,0.9548,oui,OUI,,FLEURISTES ET PLUMASSIERS,57,"Becqx (V.e), plum., rue du Roule, 8.",FLEURISTES ET PLUMASSIERS.,60,"Becqx, (Ve.) plum., rue du Roule, 8.",080986d9-6475-5699-a186-0ef8768efae0,bdebb779-e5d3-5d90-ad83-64c731a09f57
d6-10/s0.75-0.85,2.75,6,0.7881,non,INCERTAIN,Déménagement ou personnes différentes,GRAVEURS,63,"Caron, rue du Théâtre-Français, 55.",GRAVEURS.,67,"Caron, rue Hyacinthe, 6.",41c0850a-eae8-5976-835e-87ff971a015f,018f7508-a412-5d27-839c-42e890aeec3a
d11-50/s0.90+,3.62,48,0.9107,oui,OUI,,GRAVEURS,63,"Chatelin, rue de Thionville, 44.",GRAVEURS.,67,"Gatelin, rue de Thionville, 44.",640f2a80-c06b-502c-920b-86318a65666b,ce0a9477-e551-5dc6-906f-3ff6da8800ae
d1/s0.85-0.90,6.38,1,0.8556,oui,OUI,Bien que noms différents,GRAVEURS,63,"Giraldon, en lettres, rue Sorbonne, 7.",GRAVEURS.,68,"Girardeau, en lettres, rue de Sorbonne, 7.",71c295b5-a0df-5f4a-96fe-f077dda44c6f,6cb16d6b-6251-5539-983a-2b2affc62614
d1/s0.75-0.85,7.75,1,0.8111,non,OUI,,GRAVEURS,65,"Vouta, sur métaux, rue S.-Louis, 39. — Pont-Neuf.",GRAVEURS.,69,"Vouta, sur métaux, quai des Orfèvres, 31.",a0b285c8-2961-51e2-af90-d858d7916675,21fbd1a2-aa4b-564f-8486-424e143fa1cd
d4-5/s0.85-0.90,1.00,4,0.9000,oui,OUI,,HORLOGERS,66,"Godet, rue des Fossés-Montmartre, 15.",HORLOGERS.,70,"Gaudet, rue des Fossés-Montmartre, 15.",ad8f9744-c0f6-510c-92bb-ac013e95c9fe,f8da9c1d-6bb6-54d0-ac89-09f9a9c2bf9a
d3/s0.60-0.75,6.00,3,0.6230,non,NON,,HORLOGERS,67,"Ravenat, place de la Croix-Rouge.",HORLOGERS.,71,"Rifant, rue de Sèvres, 56.",c8baab4d-55b7-58d7-8139-d74abc4f859e,b749e632-d62f-5003-a2eb-b3b32049dd7b
d6-10/s0.90+,2.12,8,0.9195,oui,OUI,,HÔTELS GARNIS,68,"Descajeux (de Metz), rue du Mail, 22.",HOTELS GARNIS.,72,"Decageux, (de Metz) rue du Mail, 22.",18bd8eb3-cfe4-52d7-837a-21e7ed1122b8,726c3ffe-6f91-5ec1-9f1d-e88c58c58993
d3/s0.85-0.90,1.00,3,0.8574,oui,OUI,,HÔTELS GARNIS,70,"Vasse (des Bains), rue St.-Joseph, 8.",HOTELS GARNIS.,75,"Wass, (des Bains) rue St.-Joseph, 8.",2f23acf6-5499-5e18-84e2-d63b232bb6e7,7d88ed8b-3260-519f-afe0-c24e8fdae566
d>50/s0.90+,2.12,56,0.9945,oui,OUI,,INSTITUTEURS ET INSTITUTRICES TENANT MAISON D'ÉDUCATION,72,"Lechevalier, rue Culture-Sainte-Catherine 35.",INSTITUTEURS ET INSTITUTRICES TENANT MAISON D'ÉDUCATION.,78,"Lechevalier, rue Culture-Sainte-Catherine, 35.",7be966e6-f555-53d6-be93-52cd8e2a5b9e,5449b749-fb12-5fc8-b5d1-3edae7844791
d>50/s0.90+,2.12,124,0.9717,oui,OUI,Pas même sous-catégories : 1807= directeurs d'écoles secondaires / 1808= Institutrices pour les demoiselles,INSTITUTEURS ET INSTITUTRICES TENANT MAISON D'ÉDUCATION,73,"Suchet, rue Saint-Maur, 9.",INSTITUTEURS ET INSTITUTRICES TENANT MAISON D'ÉDUCATION.,80,"Suchet, rue Saint-Maur, 32.",81b1f98c-2558-5bd4-8cc3-75a8a9a415a2,05bf200a-8aa4-511e-aa22-f0c91ba29545
d3/s0.85-0.90,1.00,3,0.8743,oui,OUI,Erreur OCR pour le numéro 1808 : 95 au lieu de 93.,INSTITUTEURS ET INSTITUTRICES TENANT MAISON D'ÉDUCATION,73,"Cimitière, grande rue de Reuilly, 95.",INSTITUTEURS ET INSTITUTRICES TENANT MAISON D'ÉDUCATION.,78,"Cimttiere, grande rue de Reuilly, 93.",1d325877-2c68-51eb-aedc-3f0891aac891,47c0e76e-3299-5702-8e22-11d1c24392c8
d1/s0.85-0.90,6.38,1,0.8750,oui,OUI,1807 : entrée avec 2 adresses. La rue de la loi devient la rue de richelieu en 1806,LAMPISTES,77,"Girard, lampes hydrostatiques, rue de la Fidélité, 20, et rue de la Loi, 78.",LAMPISTES.,82,"Girard, lampes hydrostatiques, rue de Richelieu, 78.",e82a3e73-4ea5-5947-b918-9f8a0a8530bf,3857a7bb-0d88-56cc-8db8-42d2abe4ea49
d6-10/s0.60-0.75,16.50,7,0.6438,non,NON,,LIBRAIRES,78,"Chardin, rue Helvétius, 19.",LIBRAIRES.,84,"Colain, rue du Vieux-Colombier, 26.",5d2e38ba-103a-510f-a2ff-d7eaeef20461,27a08c32-0fab-5ff7-bb7d-9e9ee8f5822e
d3/s0.60-0.75,6.00,3,0.6887,non,NON,,"LIMONADIERS, CAFÉS",80,"Demarecy, boulevard du Temple, 48.","LIMONADIERS, CAFÉS.",87,"Dorville, boulevard du Temple, 56.",76399561-6571-50a0-a96d-dbc2951836e5,9f1058be-6bf6-5aae-b78b-d3e8b890e89c
d11-50/s0.60-0.75,46.50,23,0.6012,non,NON,,"LIMONADIERS, CAFÉS",81,"Girodot, rue Mandar, 18.","LIMONADIERS, CAFÉS.",87,"Michèl, rue Mandar, 18.",5b70ddaa-0486-5148-ac12-c1836381d633,c93f516d-6ec8-5187-bf6d-78baeec53dc3
d6-10/s0.60-0.75,16.50,10,0.6741,non,NON,,LINGERS,82,"Chaumet (Dlle.), rue du Mont-Blanc, 15.",LINGERS.,88,"Daoust, (Mlle.) rue Saint-Denis, 40.",f8d877bd-f8da-54da-8e33-1dc1c95a6667,d49bd541-06eb-58c7-b1f7-c85cac4e27e7
d6-10/s0.75-0.85,2.75,7,0.8441,non,OUI,,LINGERS,82,"Haëner (V.e), rue S.-Martin, 19.",LINGERS.,89,"Hœner, (Ve.) rue Saint-Martin, 19.",904438e4-cf8e-5178-9eb1-2be0827d0e09,cfbe6779-2af7-5002-b885-a123f6599ad3
d2/s0.60-0.75,7.62,2,0.7056,non,NON,,MERCIERS,87,"Bellot, rue de Bussy, 46.",MERCIERS.,94,"Bertoliot, rue du Mail, 2.",bcaa09b7-68c9-5c97-86bf-2c479ca65e24,7c585d02-ec0c-5790-ba30-1caebf7dfce8
d>50/s0.60-0.75,105.25,69,0.6348,non,NON,,MERCIERS,87,"Bidgrain, rue des Lombards, 49.",MERCIERS.,94,"Debierne, rue du Helder, 1.",993fca2f-46b9-575f-ba39-2eb261f23ac9,68c624d1-6137-564a-a33c-9032225af162
d4-5/s0.60-0.75,6.75,4,0.7151,non,NON,,MERCIERS,88,"Delaplace, rue Helvétius, 54.",MERCIERS.,95,"Delaroa, rue Saint-Denis, 119.",a9358772-f30f-5e7b-8fdf-8ed0fcd28c95,a52e68fd-c6f9-5463-b5e4-35924aa8b92e
d6-10/s0.60-0.75,16.50,7,0.6197,non,NON,,MERCIERS,88,"Fontaine, rue Bertin-Poirée, 6.",MERCIERS.,95,"Etienne, rue aux Fers, 40.",ba0261cc-7aeb-59a2-ab66-ba72d46766f3,4ac52400-8296-5959-b640-1c7d6ccfb96a
d2/s0.75-0.85,3.75,2,0.7885,non,OUI,,MERCIERS,89,"Joignan, rue Neuve-S.-Eustache, 38.",MERCIERS.,96,"Joyant, rue Neuve-St.-Eustache, 38.",0dc7d6d8-b623-5715-8eab-8afd53c027b9,54459640-d2c5-5852-ba1f-e26e46c50fa7
d2/s0.60-0.75,7.62,2,0.7023,non,NON,,MERCIERS,91,"Poncet, rue S.-Sauveur, 22.",MERCIERS.,97,"Poincelot, petite mercerie, rue Saint-Martin, 161.",304fe771-a54c-586b-b808-2c387ff69a29,fe71fb03-b5a8-56f7-a6dc-74ee5bbe31ce
d6-10/s0.85-0.90,1.00,6,0.8691,oui,OUI,,NATURALISTES.,94,"Marne, rue S.-Marc.","NATURALISTES, ou FABRICANS ET MARCHANDS D'OBJETS RELATIFS A L'HISTOIRE NATURELLE.",100,"Marné, fab. rue St.-Marc.",11c245ce-7cff-5234-bb5e-dc1e73db6128,7818f61c-4cd4-54d1-8c8f-0872d1a6a7b4
d6-10/s0.75-0.85,2.75,9,0.7732,non,INCERTAIN,"Plausible++ mais incertain, pas d'ambiguité mais adresse différente et pas de mention ""fab"" en 1807. ",NATURALISTES.,94,"Verreaux, boulevard des Panoramas.","NATURALISTES, ou FABRICANS ET MARCHANDS D'OBJETS RELATIFS A L'HISTOIRE NATURELLE.",101,"Verreau, fab. boulev. Montmartre, 6.",7d1cf5ae-beef-5cab-8ca5-a4d131699224,9f989fee-f6f7-5c5c-89b1-8afa2fe8b3b7
d4-5/s0.85-0.90,1.00,4,0.8765,oui,OUI,"Dufresnoyest rangée dans la sous-rubrique ""Minéralogistes"" en 1807, ce qui apporte une information. L'adresse est la même. Erreur COR en 1807 : 25 -> 23",NATURALISTES.,94,"Dufrenoy (M.), rue des Mathurins, 25.","NATURALISTES, ou FABRICANS ET MARCHANDS D'OBJETS RELATIFS A L'HISTOIRE NATURELLE.",100,"Dufresnoy, (Mad.) minéralogie, rue des Mathurins, 23.",b7eab0ae-5a78-5e1e-85b1-8f67bc40388c,68b550ab-01fd-5dbe-93bc-37be768ac053
d4-5/s0.60-0.75,6.75,5,0.6816,non,OUI,"Gaillard Mlle est rangée dans la sous-rubrique ""Minéralogistes"" en 1807, ce qui apporte une information. L'adresse différente traduit sans doute une déménagement.",NATURALISTES.,94,"Gaillard (Mlle.), rue de la Monnaie.","NATURALISTES, ou FABRICANS ET MARCHANDS D'OBJETS RELATIFS A L'HISTOIRE NATURELLE.",100,"Gaillard, minéralogie, place Saint-Germain-l'Auxerrois, 24.",2c89a2f6-7910-5071-8b68-e1a2774488cd,79ec6068-f635-5130-8ee3-b6f7d88a601c
d6-10/s0.75-0.85,2.75,6,0.7542,non,OUI,"Marsé est rangé dans la sous-rubrique ""Minéralogistes"" en 1807, ce qui apporte une information. L'adresse différente traduit sans doute une déménagement.",NATURALISTES.,94,"Marsé, marché Neuf, 4.","NATURALISTES, ou FABRICANS ET MARCHANDS D'OBJETS RELATIFS A L'HISTOIRE NATURELLE.",101,"Marsé, minéralogie, rue du Harlay, 1.",70f44d8e-d2a5-5deb-9427-0f4bf0f91e42,665eb4b1-0584-5cba-8713-2a949dadf32a
d11-50/s0.90+,3.62,13,1.2000,oui,OUI,,NÉGOCIANS,98,"Lescuyer, rue de la Concorde, 9.",NÉGOCIANS.,105,"Lescuyer, rue de la Concorde, 9.",e4bc4926-a80b-5901-a296-7ae741a0d19f,2f5c6f80-ea3f-506a-b1a6-63c4994673ad
d2/s0.85-0.90,1.88,2,0.8902,oui,OUI,La rue neuve égalité est renommée rue d'aboukir.,NÉGOCIANS,99,"Martin (J.) et comp., rue Neuve-Egalité, 9.",NÉGOCIANS.,106,"Martin (J.) et comp., rue d'Aboukir, 9.",8013be5c-2af3-517e-9479-43f3057e9765,184dd0a6-c4c5-55e3-b66c-ea66a8a42a87
d>50/s0.60-0.75,105.25,146,0.7276,non,NON,,NÉGOCIANS,100,"Tiberghien et comp., rue Helvétius, 46.",NÉGOCIANS.,105,"Letavernier et comp., rue de Cléry, 9.",766357cb-1366-5472-bdae-d19fef8fdcf8,b64f224c-b807-50a0-858a-feed5a51af18
d4-5/s0.90+,2.88,5,1.2000,oui,OUI,,OPTICIENS ET LUNETIERS,101,"Caroché, à l'observatoire, campagne de l'Observatoire, 26.",OPTICIENS ET LUNETIERS.,108,"Caroché, à l'Observatoire, campagne de l'Observatoire, 26.",65f1d6dc-4700-512e-bdc7-008b18e8f83c,b40c6eae-eab2-5e42-a051-1a54c4a3f76d
d11-50/s0.90+,3.62,12,0.9236,oui,OUI,Probable,OPTICIENS ET LUNETIERS,101,"Derepas, pal. du Tribunat, gal. de pierre, côté de la rue de la Loi.",OPTICIENS ET LUNETIERS.,108,"Derepas, palais du Tribunal, galerie de pierre, côté de la rue de Richelieu.",af55e40b-72c4-59d1-b81e-990b8c205488,7642f61f-5942-5518-aaf6-d7463b919aec
d4-5/s0.90+,2.88,4,1.2000,oui,OUI,,ORFÈVRES,101,"Cartier et Minier, rue de l'Arbre-Sec, 39.",ORFÈVRES.,109,"Cartier et Minier, rue de l'Arbre-Sec, 39.",1ce90d96-ef1e-508d-87a1-78a2acfb108a,d039a178-eb08-5cab-95f2-06bc957980c5
d3/s0.85-0.90,1.00,3,0.8628,oui,OUI,Erreur OCR en 1807 : 35 -> 33,ORFÈVRES,104,"Fromaget, march. d'objets plaqués et argentés, palais du Tribunal, 35.",ORFÈVRES.,111,"Fromaget, marchand, palais du Tribunal, 33.",dece3db8-2743-515e-b2f5-499e66cc6373,7dcb1c11-6ef7-5203-ad39-fc9337d116b0
d1/s0.60-0.75,10.00,1,0.6578,non,INCERTAIN,Plausible car pas d'ambiguité et même rue (en supposant un déménagement d'immeuble tout de même); Cependant l'entrée de 1808 est tt de même beaucoup plus détaillée en plus d'avoir un nom un peu différent. Une hypothèse prudente serait de ne pas lier et appeler une expertise humaine. Cas limite NON/UNSURE.,ORFÈVRES,104,"Perelle, rue de la Coutellerie, 27.",ORFÈVRES.,111,"Petelle, (P.-S.) et lamineur; objets d'équipemens militaires, rue de la Coutellerie, 10.",9a74ee5c-2056-5feb-b93f-d6c6abfa3e4c,9d183841-a545-523f-8a0b-5f354a22485e
d1/s0.75-0.85,7.75,1,0.8495,non,NON,,PEINTRES (ARTISTES),110,"Goutel, palais du Tribunal, 122-124.",PEINTRES. (ARTISTES-),118,"Goulut, palais du Tribunat, 127.",c6e4a2d8-f1f5-5816-9f7e-b520c8711b66,4efe7b7c-dd01-5259-ae4f-2fdf7a8b9428
d3/s0.60-0.75,6.00,3,0.6239,non,NON,"Plausible car pas d'ambiguité dans la rubrique, Snave/Senave se ressemble beaucoup + le quai des Augustins et la rue St André des art sons très proches. On peut imaginer un déménagement. Cependant ça demande une connaissance fine de l'espace parisien, donc hors de portée de l'algo. Typiquement le genre de lien qui demande une expertise forte. Mieux vaut alors que les entrées soient laissées non liées.Cas limite NON/UNSURE.",PEINTRES (ARTISTES),112,"Snavé, histoire, quai des Augustins, 41.",PEINTRES. (ARTISTES-),120,"Senave, de genre, rue St.-André-des-Arts, en face la rue Pavée.",44f1c203-e2b6-5a5e-b8bf-be29dafef35c,a32ee37f-a693-539b-b7e3-3adc10f4c70e
d6-10/s0.90+,2.12,8,0.9762,oui,OUI,,PEINTRES (ARTISTES),112,"Vandervalle, rue Sorbonne, 11.",PEINTRES. (ARTISTES-),120,"Vandervalle, rue de Sorbonne, 11.",18fd6bde-7c7f-54ba-b060-5d71e4e03bd8,c775eccf-9134-50ae-a005-c4f1cefff4bf
d11-50/s0.60-0.75,46.50,31,0.6149,non,NON,,PEINTRES EN BATIMENS ET VOITURES,113,"Gattinot, en meubles, rue de Cléry, 65.",PEINTRES EN BATIMENS ET VOITURES.,121,"Matis, en décors, rue du Sépulcre, 14.",2ccc126f-4872-5200-886c-39f7598ae398,aa024b66-d703-5a5c-bb43-bca84950cfa1
d1/s0.60-0.75,10.00,1,0.6407,non,NON,,QUINCAILLIERS,118,"Martin, quincaillier-bijoutier, boulevard Poissonnière, 17.",QUINCAILLIERS.,129,"Martiny-Capadoce, (L.) dépôt de sa manufacture de quincaillerie de Liège, rue des Vieilles-Audriettes, 4.",3394805c-9df6-5011-a88b-1de70039a33c,f4f3b378-c8b7-5cbd-b7d5-bb3f24701adc
d6-10/s0.90+,2.12,7,0.9309,oui,OUI,"Sans doute une erreur des auteurs N/P. Pas une erreur OCR + pas d'ambiguité (pas de Poirot en 1807, pas de Noirot en 1808 dans la rubrique).",RECEVEURS DE RENTES ET BUREAUX DE CORRESPON DANCE ET D'AGENCE,120,"Noirot, rue de la Vieille-Monnaie, 8.",RECEVEURS DE RENTES ET BUREAUX DE CORRESPONDANCE ET D'AGENCE.,130,"Poirot, rue de la Vieille-Monnaie, 8.",80359fec-27dc-5c5f-804e-82b6907c9401,0fbc8ca7-33cd-57af-8e40-ed38d9ba6806
d2/s0.85-0.90,1.88,2,0.8834,oui,OUI,,RUBANS (FABRICANS ET MARCHANDS DE),122,"Baillon et Valentin, fabr. rue S.-Denis, 183.",RUBANS. (FABRICANS ET MARCHANDS DE),132,"Bayon et Valentin, fabr., rue Saint-Denis, 183.",8a14c645-dc37-5084-baed-112f69b3c72d,9209ff94-f8d4-5328-af1f-ebb3b659c2ad
d1/s0.90+,17.62,1,0.9329,oui,OUI,,SELLIÈRES,125,"Ronsin (M.e), rue de Choiseul, 5.",SELLIERS.,135,"Ronsin, (Mad.) rue de Choiseul, 5.",0beaf6e6-095a-5452-91c4-0dcec80477e7,9967b6ad-2c0e-5801-be83-19e7f4283f48
d>50/s0.75-0.85,8.75,60,0.7564,non,NON,"C'est un cas compliqué : C'est surement le même, mais en 1807 l'annuaire renvoit à l'entrée d'une société (mais pas dans la même rue que Morel).. En 1808 cette société n'est plus indexée, et l'annuaire décrit directement Morel. C'est peut-être mieux de ne pas lier ce genre de cas",TABACS (FABR. ET MARCH. DE),126,Morel; voyez Henriot et Morel.,TABACS. (FABR. ET MARCH. DE),138,"Morel, en gros et en détail, rue Montmartre, 75.",3373ec68-8f77-5fb4-b822-8631ec60267c,1dde0b35-e86d-5cde-a9a2-24e0ef2d55f3
d1/s0.90+,17.62,1,0.9290,oui,OUI,,TABLEAUX (MARCHANDS DE),128,"Lecailion, place du pont Saint-Michel, 48.",TABLEAUX. (MARCHANDS DE),138,"Lecaillon, place du Pont-St.-Michel, 48.",d83e4e2b-863d-5dea-99fc-2d12051bf049,01f5c92b-1b60-5bd5-bc82-59ef8c02fb71
d3/s0.90+,2.38,3,0.9239,oui,OUI,"Petite hésitations des auteurs sur y/g, mais c'est surement le même car pas d'ambiguité dans la rubrique.",TABLETIERS,129,"Royer, rue Greneta, 2.",TABLETIERS.,140,"Roger, rue Greneta, 2.",e2dd97b6-902a-5a22-8f47-c65d2639a955,b194b162-21b3-54bd-84c3-353de772346b
d>50/s0.90+,2.12,58,1.2000,oui,OUI,,TAPISSIERS ET MARCHANDS DE MEUBLES,131,"Carbeau, rue Helvétius, 57.",TAPISSIERS ET MARCHANDS DE MEUBLES.,141,"Carbeau, rue Helvétius, 57.",c8f7e289-b6b3-5268-b7d0-3cea40430f39,3db385be-8c9a-5089-9b19-44d8953b968f
d2/s0.60-0.75,7.62,2,0.7290,non,NON,,TOILES ET TAFFETAS CIRÉS (FABR. ET MARCH. DE),133,"Seger, rue Montorgueil, 96.",TOILES ET TAFFETAS CIRÉS. (FABR. ET MARCH. DE),145,"Germain, rue Montorgueil, 96.",d1289483-d590-5b84-ac17-d0f4889ad11c,662b3b9b-a313-5061-a1a6-43b042c4d49f
d2/s0.60-0.75,7.62,2,0.6679,non,NON,,VINS (MARCHANDS DE),136,"Artaud, en gros, rue de la République, 49.",VINS (MARCHANDS DE),147,"Archambaud, rue du Vertbois, 28.",ad4d89c3-257f-5b68-a858-6a4196c23147,bce1ba36-6f52-53df-a3e6-3ae79e734247
d11-50/s0.90+,3.62,14,1.2000,oui,OUI,,VINS (MARCHANDS DE),136,"Barré, rue Geoffroy-Lasnier, 16.",VINS (MARCHANDS DE),147,"Barré, rue Geoffroy-Lasnier, 16.",82d7e747-2d1a-5d7e-819b-042b5ab290c8,b4ab6d26-8645-5c9f-8024-455d028ceeb6
d2/s0.85-0.90,1.88,2,0.8558,oui,OUI,,VINS (MARCHANDS DE),136,"Bellond Lacombe, en gros, rue des Bons-Enfants, 29.",VINS (MARCHANDS DE),148,"Bénon-Lacombe, en gros, rue des Bons- Enfants, 29.",9e242f04-3a0a-5a6f-8776-33b436625bab,d992f471-bbed-5396-9ad6-6d4ab0e7b6ab
d11-50/s0.90+,3.62,28,0.9042,oui,OUI,,VINS (MARCHANDS DE),137,"Bonvalot, rue Sainte-Marguerite-Saint-Germain, 4.",VINS (MARCHANDS DE),148,"Bouvalot, rue Ste.-Marguerite-St.-Ger- main, 4.",b746c86c-d01a-5618-83f9-0f03fe1736f3,ad46f87b-1d66-5b94-b45e-144c4850746d
d2/s0.85-0.90,1.88,2,0.8512,oui,OUI,,VINS (MARCHANDS DE),137,"Brosse (Etienne-Charles), en gros, rue de Cléry, 34.",VINS (MARCHANDS DE),149,"Brosse, (Et.-Ch.) en gros, r. de Cléry, 34.",ae20a5eb-2aca-5247-9860-2076dc70488e,c623ab0e-535d-55aa-9dfb-e290482bdcd4
d11-50/s0.90+,3.62,24,0.9637,oui,INCERTAIN,"Incertain. Il y a une ambiguité : en 1808 en on 2 Bourquelot, rue des Noyers (1 au 23, un au 51). En 1807 on a aucun Bourquelot. Aucun n'est donc à la même adresse que Bouquelot 1807, mais les deux pourraient correspondre. ",VINS (MARCHANDS DE),137,"Bouquelot, rue des Noyers, 28.",VINS (MARCHANDS DE),148,"Bourquelot, rue des Noyers, 23.",9841fa05-2a2e-5124-ad2b-df6c3d3a0886,7f814ff5-16cf-5ff1-acd1-07f6e7678dae
d4-5/s0.60-0.75,6.75,4,0.6179,non,NON,,VINS (MARCHANDS DE),138,"Chapon (M.me), rue Croix-des-Petits-Champs, 5.",VINS (MARCHANDS DE),149,"Chamoin, rue de Berry, 22, au Marais.",4949a55f-ca8e-5265-a072-10749cca210f,145c59e8-ec0d-57c9-9c68-694fdf80a2af
d2/s0.75-0.85,3.75,2,0.7684,non,NON,"Le quai del a liberté devient quai de Béthune et en 1808 on a un ""Colas, en gros, quai de Béthune, 4.""",VINS (MARCHANDS DE),138,"Colas, en gros, quai de la Liberté, 4.",VINS (MARCHANDS DE),149,"Collas, rue Saint-Denis, 49.",69ec5ab0-6882-592a-9c9e-40b05aa2157b,0c4b0f57-11ed-58b3-ad86-cc5f05dd5c48
d>50/s0.90+,2.12,57,1.2000,oui,OUI,,VINS (MARCHANDS DE),138,"Camby, rue d'Argenteuil, 4.",VINS (MARCHANDS DE),149,"Camby, rue d'Argenteuil, 4.",9af40321-fd21-543f-9ea9-6f8775c3c02a,f4c4af0e-0c0c-5986-a211-7f4389ffa129
d3/s0.75-0.85,1.50,3,0.7675,non,INCERTAIN,Plausible : erreur ocr en 1807 (15->13) + noms différents en orthographe mais pas si éloignés en prononciation. Mais incertain tout de même,VINS (MARCHANDS DE),139,"Ducanguy, rue du Faub.-Montmartre, 15.",VINS (MARCHANDS DE),151,"Duccoqui, rue du Faub.-Montmartre, 13.",0bb857e9-b4a4-5cc8-8c39-40d98bd44be5,1549fd74-8403-51e7-b06d-912001738eb6
d11-50/s0.85-0.90,1.00,47,0.8670,oui,OUI,"Probable, pas de Demogeot en 1807 + même adresse + prnonciation proche.",VINS (MARCHANDS DE),140,"Dumongeât, rue de Lille, 40.",VINS (MARCHANDS DE),150,"Demogeot, rue de Lille, 40.",3e82506b-bce5-5549-b287-bafe04d9c209,ae71f282-fd75-51ce-8adb-a8c0d8df3bc3
d2/s0.85-0.90,1.88,2,0.8971,oui,OUI,,VINS (MARCHANDS DE),141,"Garneau, rue du Petit-Lion, 1.",VINS (MARCHANDS DE),152,"Garneau, r. du Petit-Lion-St.-Germ. 1.",d3e7e7f0-1161-5b5f-b30d-221072174599,f340ad14-662e-553c-8ab3-452187754120
d2/s0.85-0.90,1.88,2,0.8559,oui,INCERTAIN,"Incertain ! Il y a 2 Garnier en 1807 et 2 garner en 1808, mais aucun à la même adresse. En plus Garnier est un nom commun.",VINS (MARCHANDS DE),141,"Garnier, rue Froidmanteau, 5.",VINS (MARCHANDS DE),152,"Garnier, rue des Cannettes, 7.",3cbad3b5-cc7a-58ed-bf10-99385b244315,75fadff0-1596-5172-9039-4ced0ad49534
d4-5/s0.60-0.75,6.75,4,0.7457,non,NON,,VINS (MARCHANDS DE),141,"Gerard, rue Aumaire, 2.",VINS (MARCHANDS DE),152,"Girardin, rue Quincampoix, 5.",8ef8f0b2-517b-5e17-98dd-9d6219a3ef63,c60f91dc-cd2e-5482-bf4b-93274b59f734
d3/s0.75-0.85,1.50,3,0.7958,non,INCERTAIN,"Incertain. Pas de Girardin en 1807, pas de Gerardin en 1808. Mais pas la même adresse.",VINS (MARCHANDS DE),141,"Gerardin, rue Babille, 1.",VINS (MARCHANDS DE),152,"Girardin, rue Quincampoix, 5.",8b96a639-a7f8-518f-a9f8-9a96c0b29b50,c60f91dc-cd2e-5482-bf4b-93274b59f734
d3/s0.90+,2.38,3,0.9599,oui,OUI,,VINS (MARCHANDS DE),141,"Goreufflot, rue S.-Dominique, 10. — Inval.",VINS (MARCHANDS DE),152,"Goreuffot, rue S.-Dominique, 10. (Inval.)",fae56481-cabe-5f8c-a737-bde236dbf243,46595a2f-a435-551b-b792-8a1c89b5d27f
d6-10/s0.90+,2.12,6,1.2000,oui,OUI,,VINS (MARCHANDS DE),141,"Gout, rue de Bussy, 6.",VINS (MARCHANDS DE),152,"Gout, rue de Bussy, 6.",790efc6c-f0fd-5be9-a3f5-0892ff1c2c0c,8cc26f60-076e-5916-98de-3924b0b2dcc4
d11-50/s0.60-0.75,46.50,38,0.7125,non,NON,,VINS (MARCHANDS DE),141,"Guay, rue de Lille, 5.",VINS (MARCHANDS DE),152,"Gaudry, rue Montorgueil, 18.",07bfe82a-3b5a-5795-a628-999fd79b5aed,3eb8ab8d-1705-5530-be1e-fff92d6dbcf5
d11-50/s0.85-0.90,1.00,24,0.8521,oui,OUI,petite variation orthographique,VINS (MARCHANDS DE),142,"Harissel, rue S.-Dominique, 49.",VINS (MARCHANDS DE),153,"Hurissel, rue St.-Dominique-Saint-Germain, 49.",ca31ab5e-6fac-5abb-959c-10f35943ea64,fff2a2b2-e0bf-5719-a592-c2e03fe55fd4
d>50/s0.75-0.85,8.75,119,0.7500,non,NON,,VINS (MARCHANDS DE),142,"Joron, rue Bertin-Poirée, 11.",VINS (MARCHANDS DE),154,"Loron, rue des Gravilliers, 18.",374c7fff-f235-5713-9717-47824e62833b,9ad2daa0-3000-5948-af09-7c4ace811e72
d11-50/s0.85-0.90,1.00,18,0.8726,oui,OUI,Erreur OCR en 1808: c'est Lancré.,VINS (MARCHANDS DE),142,"Laucré, rue S.-Denis, 276.",VINS (MARCHANDS DE),153,"Ancré, rue St.-Denis, 276.",d8b195c9-3d4f-5f54-bbb5-f955f6da9a41,7ca05bd8-aa5f-546c-99d1-153d25fe8631
d4-5/s0.90+,2.88,4,0.9337,oui,OUI,,VINS (MARCHANDS DE),143,"Le Bouteillier (M.e), rue Montorgueil, 32.",VINS (MARCHANDS DE),153,"Le Bouteillier, (Mad.) r. Montorgueil, 32.",1a7e7605-4567-551c-bcc6-14548477b2aa,a380d1d8-1a37-5b8e-ac33-96db5323f6e8
d2/s0.75-0.85,3.75,2,0.7818,non,INCERTAIN,"Très incertain : beaucoup trop d'homonymes, grosse ambiguité. J'aurais tout autant pu mettre NON ",VINS (MARCHANDS DE),143,"Le Clerc, rue S.-Denis, 398.",VINS (MARCHANDS DE),153,"Leclerc, rue du Faub.-Poissonnière, 64.",cc1d220e-87e4-52aa-9580-a542f1f46234,47f9ff1d-193a-5948-a9a7-e5fd28018029
d2/s0.60-0.75,7.62,2,0.6811,non,NON,,VINS (MARCHANDS DE),143,"Le Fèvre (Mlle.), rue des Grands-Augustins, 5.",VINS (MARCHANDS DE),153,"Lefèvre, rue St.-Benoit-St.-Germain.",2912386a-23b3-5107-b482-a1a70b64fea5,1fd488d8-bcf7-53da-a21c-d6e37a9bc42c
d2/s0.75-0.85,3.75,2,0.7542,non,INCERTAIN,"Très incertain : beaucoup trop d'homonymes, grosse ambiguité. J'aurais tout autant pu mettre NON ",VINS (MARCHANDS DE),143,"Lefèvre, rue Jacob, 24.",VINS (MARCHANDS DE),153,"Lefèvre, rue St.-Benoit-St.-Germain.",ffb42b3e-0073-546d-8af6-03de7b39bb54,1fd488d8-bcf7-53da-a21c-d6e37a9bc42c
d>50/s0.75-0.85,8.75,308,0.8083,non,NON,,VINS (MARCHANDS DE),143,"Maillot, rue de Provence, 4.",VINS (MARCHANDS DE),151,"Taillot, rue des Ecrivains, 15.",6359a576-2778-57a7-8ddc-35e776dbb233,fb8bd983-b43d-56c1-8819-c22b13b5784b
d2/s0.90+,7.25,2,0.9085,oui,NON,"Il existe ""Marchais"" le père, rue Helvetius, qui est toujours là en 1808. Et en 1808 on a Marchand le père qui est suivi de son fils à la ligne d'après. Ce n'est pas la même personne, avec quasi-certitude.",VINS (MARCHANDS DE),144,"Marchais fils, rue des Vieilles-Thuilleries, 5.",VINS (MARCHANDS DE),154,"Marchand fils, rue des Vieilles-Tuile- ries, 5.",4c3b4420-6b8c-5f59-919c-06e4ad6b79dd,ebc627a2-9289-5b29-bd79-b76237cd8821
d4-5/s0.75-0.85,2.25,4,0.7687,non,NON,,VINS (MARCHANDS DE),144,"Montel, rue de la Montagne, 81.",VINS (MARCHANDS DE),155,"Mongeal, rue du Four, 12.",ced7dc2a-0c41-55ef-b3e9-68cb53377530,8805a1d3-fb36-519f-9c46-e5be0a528d82
d3/s0.75-0.85,1.50,3,0.8335,non,NON,"Improbable. Prononciation proche mais beaucoup d'autres ""Morin"". Adresse différente.",VINS (MARCHANDS DE),144,"Morain, rue de Bercy, 20.",VINS (MARCHANDS DE),155,"Morin, rue Beauregard, 12.",9806e64f-4ac0-5e17-8645-71f6d58227a2,98f016f0-2308-576e-8fe3-ef3eed6a749a
d1/s0.90+,17.62,1,0.9507,oui,OUI,,VINS (MARCHANDS DE),145,"Pourat, rue d'Anjou-Saint-Honoré, 18.",VINS (MARCHANDS DE),156,"Pourat, r. d'Anjou-St.-Honoré, 18.",bda2e8b4-a353-50b9-8622-b3d6ef1e6b83,73df62cd-00eb-5bb4-945b-e8aeb5e41332
d1/s0.60-0.75,10.00,1,0.6721,non,NON,,VINS (MARCHANDS DE),146,"Sauselet, en gros, place des Vosges, 18-16.",VINS (MARCHANDS DE),157,"Sauvel , rue du Four, 34.",bdda0983-5b1b-5f4a-a42f-cc74c7348b87,464dda57-bd82-53cc-8c74-6729b923c198
d1/s0.60-0.75,10.00,1,0.6747,non,NON,,VINS (MARCHANDS DE),147,"Valleton, en gros, rue Bretonvilliers, 5.",VINS (MARCHANDS DE),158,"Vailon, place de la Porte-S.-Antoine, 3.",0bd211c4-4f3b-5639-bb5e-15fce2ba2793,09f12f30-904c-56d9-90ad-4f76f8eb811a
d11-50/s0.75-0.85,4.00,27,0.8143,non,NON,Nom différent en orthographe et en prononciation. Même rue mais numéro différent. Pas du tout au même endroit dans la liste.,"LISTE DE NON-COMMERÇANS, CONTENANT Les Noms et Adresses des principaux Habitans de PARIS, qui n'exercent aucun commerce.",148,"Alcau, rue Neuve-des-Mathurins, 1.","LISTES DE NON-COMMERÇANS, CONTENANT Les Noms et Adresses des principaux Habitans de PARIS, qui n'exercent aucun commerce.",159,"Arnaud, rue Neuve-des-Mathurins, 6.",2d46a016-09c9-5365-b8ca-48631253bd22,d846fe4c-f3a4-5f7e-b06f-51f5916a1c99
d4-5/s0.90+,2.88,5,0.9634,oui,OUI,,"LISTE DE NON-COMMERÇANS, CONTENANT Les Noms et Adresses des principaux Habitans de PARIS, qui n'exercent aucun commerce.",149,"Bataille de Montval, rue Miromesnil, 12.","LISTES DE NON-COMMERÇANS, CONTENANT Les Noms et Adresses des principaux Habitans de PARIS, qui n'exercent aucun commerce.",160,"Bataille de Montval, r. de Miromesoil, 12.",c22e374b-03e9-5700-a700-8dd8b0780440,e66e7720-3e40-5312-88b4-b419891e0b74
d11-50/s0.60-0.75,46.50,14,0.7479,non,NON,,"LISTE DE NON-COMMERÇANS, CONTENANT Les Noms et Adresses des principaux Habitans de PARIS, qui n'exercent aucun commerce.",149,"Beamisk, rue de la Ferme-des-Mathurins, 5.","LISTES DE NON-COMMERÇANS, CONTENANT Les Noms et Adresses des principaux Habitans de PARIS, qui n'exercent aucun commerce.",160,"Beauvais, rue de Seine-St.-Germain, 6.",73dfe9d7-733f-5cfb-88ff-cb6114808ed1,34e24429-94bf-5a00-9498-839b8de81851
d4-5/s0.75-0.85,2.25,4,0.7541,non,NON,,"LISTE DE NON-COMMERÇANS, CONTENANT Les Noms et Adresses des principaux Habitans de PARIS, qui n'exercent aucun commerce.",149,"Beaupré (M.e), rue S.-Fiacre, 7.","LISTES DE NON-COMMERÇANS, CONTENANT Les Noms et Adresses des principaux Habitans de PARIS, qui n'exercent aucun commerce.",160,"Beaurépaire, (Mad.) rue Neuve-des-Capucines, 7.",664dac69-5958-51ad-8f43-ac03a7702b9e,63f2dfc4-c692-56b2-9af7-67fc5e62e53a
d3/s0.75-0.85,1.50,3,0.7593,non,NON,,"LISTE DE NON-COMMERÇANS, CONTENANT Les Noms et Adresses des principaux Habitans de PARIS, qui n'exercent aucun commerce.",150,"Bertrand, rue Ste.-Apolline, 2.","LISTES DE NON-COMMERÇANS, CONTENANT Les Noms et Adresses des principaux Habitans de PARIS, qui n'exercent aucun commerce.",161,"Bertin, rue de Seine-S.-Germain, 10.",99db5bc2-6066-5020-9f30-90ba7c33ec9d,ef9ef200-499e-58b3-b2b7-26cd0d8ba055
d1/s0.75-0.85,7.75,1,0.8389,non,OUI,"Même adresse, même personne (en 1807 peut-être la mere et 1808 la fille, mais ça reste en gros la même ""entrée"")","LISTE DE NON-COMMERÇANS, CONTENANT Les Noms et Adresses des principaux Habitans de PARIS, qui n'exercent aucun commerce.",150,"Bethune (M.e de) mère, rue Saint-Guil-laume, 20.","LISTES DE NON-COMMERÇANS, CONTENANT Les Noms et Adresses des principaux Habitans de PARIS, qui n'exercent aucun commerce.",161,"Bethune, (Mad. de) r. S.-Guillaume, 20.",7179ce30-4212-50e7-a626-466e4b1cbf28,0719a66c-b364-5858-81b0-1a98ab1e11ba
d3/s0.75-0.85,1.50,3,0.8137,non,NON,"""Blin, rue Lepelletier, 3."" existe en 1807","LISTE DE NON-COMMERÇANS, CONTENANT Les Noms et Adresses des principaux Habitans de PARIS, qui n'exercent aucun commerce.",150,"Blin, quai de l'Ecole, 26.","LISTES DE NON-COMMERÇANS, CONTENANT Les Noms et Adresses des principaux Habitans de PARIS, qui n'exercent aucun commerce.",161,"Blin, rue Lepelletier, 3.",3b8990b8-ccad-5b4f-bd46-e1a4545c8528,a211a479-aace-5622-b11c-90dc75e6d359
d1/s0.75-0.85,7.75,1,0.7969,non,NON,unsure --. Celui de 1808 n'habite pas à Paris (St-Chaumont),"LISTE DE NON-COMMERÇANS, CONTENANT Les Noms et Adresses des principaux Habitans de PARIS, qui n'exercent aucun commerce.",150,"Bossu, rue des Moulins, 16.","LISTES DE NON-COMMERÇANS, CONTENANT Les Noms et Adresses des principaux Habitans de PARIS, qui n'exercent aucun commerce.",161,"Bossu, rue St.-Denis, à St.-Chaumont.",82a4e938-672f-5032-85b4-a0befd51d48b,6a6066f4-cb5a-590c-b334-d987e46a75e8
d1/s0.60-0.75,10.00,1,0.6542,non,NON,"""Boula-Marcueil, (Ve.) q. des Célestins, 10."" existe en 1807 (orthographié ""Mareuil"")","LISTE DE NON-COMMERÇANS, CONTENANT Les Noms et Adresses des principaux Habitans de PARIS, qui n'exercent aucun commerce.",150,"Boula Mongodefroy (V.e), rue Vendôme, 2.","LISTES DE NON-COMMERÇANS, CONTENANT Les Noms et Adresses des principaux Habitans de PARIS, qui n'exercent aucun commerce.",161,"Boula-Marcueil, (Ve.) q. des Célestins, 10.",8278b7fe-c9d1-55d7-a028-d2cc7d127080,74c0ce9b-dfb1-5fd0-b703-b904dd6c5a01
d6-10/s0.90+,2.12,9,0.9324,oui,OUI,Erreur OCR en 1807: 95 -> 93. Légère variation orthographique mais prononciation très proche. Probablement car nom italien prononcé à des français.,"LISTE DE NON-COMMERÇANS, CONTENANT Les Noms et Adresses des principaux Habitans de PARIS, qui n'exercent aucun commerce.",151,"Brételly, rue du Faub.-S.-Denis, 95.","LISTES DE NON-COMMERÇANS, CONTENANT Les Noms et Adresses des principaux Habitans de PARIS, qui n'exercent aucun commerce.",162,"Britelly, rue du Faub.-St.-Denis, 93.",db525987-dc71-5258-9fff-6660223d2dab,269c91b2-e64a-5d6c-b1ea-a13b86668d81
d4-5/s0.75-0.85,2.25,5,0.7552,non,INCERTAIN,Unsure--. Imbrobable quoique incertain. Pas de Caruel en 1807 et pas de Carnel en 1808 + pas d'erreur OCR. Possible confusion n/u par les auteurs mais pas sûr + pas la même adresse.,"LISTE DE NON-COMMERÇANS, CONTENANT Les Noms et Adresses des principaux Habitans de PARIS, qui n'exercent aucun commerce.",152,"Carnel, rue S.-Thomas-du-Louvre, 26.","LISTES DE NON-COMMERÇANS, CONTENANT Les Noms et Adresses des principaux Habitans de PARIS, qui n'exercent aucun commerce.",163,"Caruel, rue Grange-Batelière, 6.",fc0bbe22-c209-50b7-a9ea-3c0d9b0c9d31,e4e2d5a5-d88f-5adb-aaab-3cfdebc138ca
d4-5/s0.90+,2.88,5,0.9542,oui,OUI,Erreur OCR,"LISTE DE NON-COMMERÇANS, CONTENANT Les Noms et Adresses des principaux Habitans de PARIS, qui n'exercent aucun commerce.",152,"Carnette, rue de Choiseul, 19.","LISTES DE NON-COMMERÇANS, CONTENANT Les Noms et Adresses des principaux Habitans de PARIS, qui n'exercent aucun commerce.",163,"Caruette, rue de Choiseul, 19.",a4fe555e-ce67-5a7c-ab26-50b3308d6575,f13e451b-6a63-5e0d-a35a-5663629d09bc
d3/s0.60-0.75,6.00,3,0.7244,non,NON,,"LISTE DE NON-COMMERÇANS, CONTENANT Les Noms et Adresses des principaux Habitans de PARIS, qui n'exercent aucun commerce.",152,"Castella, général, rue S.-Florentin, 7.","LISTES DE NON-COMMERÇANS, CONTENANT Les Noms et Adresses des principaux Habitans de PARIS, qui n'exercent aucun commerce.",163,"Castellane, (Mad.) rue Taitbout, 20.",26e65001-4c38-5500-b307-808a929e4ae7,4f6c391b-87c5-577c-8324-898325e9debd
d1/s0.75-0.85,7.75,1,0.8000,non,INCERTAIN,"Plausible mais très incertain : nom commun (plusieurs autres Chambon / Chambaut autour), pas la même adresse...","LISTE DE NON-COMMERÇANS, CONTENANT Les Noms et Adresses des principaux Habitans de PARIS, qui n'exercent aucun commerce.",152,"Chambon, rue Guénégaud, 51.","LISTES DE NON-COMMERÇANS, CONTENANT Les Noms et Adresses des principaux Habitans de PARIS, qui n'exercent aucun commerce.",163,"Chambon, rue du Cherche-Midi, 24.",ba31b2ac-310f-511d-b03f-1b55de9a6bfa,6f8b2c0f-e873-50da-a4c9-1ed47b5474df
d11-50/s0.75-0.85,4.00,17,0.7859,non,NON,,"LISTE DE NON-COMMERÇANS, CONTENANT Les Noms et Adresses des principaux Habitans de PARIS, qui n'exercent aucun commerce.",153,"Chatel, rue Montmartre, 165.","LISTES DE NON-COMMERÇANS, CONTENANT Les Noms et Adresses des principaux Habitans de PARIS, qui n'exercent aucun commerce.",164,"Chazal, rue des Fossés-Montmartre, 12.",37776fbb-86be-5452-aaad-34be156f2c0c,19facd83-8f70-5cc0-9de3-80b130f8e016
d11-50/s0.75-0.85,4.00,42,0.7730,non,NON,,"LISTE DE NON-COMMERÇANS, CONTENANT Les Noms et Adresses des principaux Habitans de PARIS, qui n'exercent aucun commerce.",153,"Chaumont, rue du Petit Reposoir, 17.","LISTES DE NON-COMMERÇANS, CONTENANT Les Noms et Adresses des principaux Habitans de PARIS, qui n'exercent aucun commerce.",163,"Chambon, rue du Cherche-Midi, 24.",062f8317-0100-5ffc-98b0-83d48c4c6571,6f8b2c0f-e873-50da-a4c9-1ed47b5474df
d>50/s0.75-0.85,8.75,77,0.8458,non,INCERTAIN,"Plausible. Pas de Coin en 1807, pas de Crouen en 1808 + même adresse. Mais nom différent et qui ne se prononce pas pareil","LISTE DE NON-COMMERÇANS, CONTENANT Les Noms et Adresses des principaux Habitans de PARIS, qui n'exercent aucun commerce.",154,"Crouen, rue Taitbout, 12.","LISTES DE NON-COMMERÇANS, CONTENANT Les Noms et Adresses des principaux Habitans de PARIS, qui n'exercent aucun commerce.",164,"Coin, rue Taitbout, 12.",96892dcd-b681-5f0c-934e-ff5426cbe7cd,8b04684e-910c-5dad-a21e-1c630806c8b7
d>50/s0.85-0.90,1.00,382,0.8738,oui,OUI,Probable. Pas de Mad. D'Inveau en 1807  + pas d'erreur OCR + même adresse + prononciation proche même si orthographie différente.,"LISTE DE NON-COMMERÇANS, CONTENANT Les Noms et Adresses des principaux Habitans de PARIS, qui n'exercent aucun commerce.",155,"Danivau (M.e), rue de l'Université, 25.","LISTES DE NON-COMMERÇANS, CONTENANT Les Noms et Adresses des principaux Habitans de PARIS, qui n'exercent aucun commerce.",170,"D'Inveau, (Mad.) rue de l'Université, 23.",e06907c2-0d19-5453-a20b-09162d3cf35b,2c07ff3a-803a-55bc-8cc1-017ba0c485d8
d3/s0.90+,2.38,3,0.9267,oui,OUI,Erreur OCR en 1807 (car texte dégradé) : c'est bien Daunois,"LISTE DE NON-COMMERÇANS, CONTENANT Les Noms et Adresses des principaux Habitans de PARIS, qui n'exercent aucun commerce.",155,"Dannois, rue Faub.-S.-Laurent, 90.","LISTES DE NON-COMMERÇANS, CONTENANT Les Noms et Adresses des principaux Habitans de PARIS, qui n'exercent aucun commerce.",166,"Daunois, rue du Faub.-S.-Laurent, 90.",82f9866e-17a4-5247-908b-fcf612e01486,2970ef9c-8822-5233-8984-c51c2bfc9ef8
d>50/s0.90+,2.12,302,0.9011,oui,OUI,variante orthographique mais se prononce pareil.,"LISTE DE NON-COMMERÇANS, CONTENANT Les Noms et Adresses des principaux Habitans de PARIS, qui n'exercent aucun commerce.",155,"Deaddé, rue de la Feuillade, 2.","LISTES DE NON-COMMERÇANS, CONTENANT Les Noms et Adresses des principaux Habitans de PARIS, qui n'exercent aucun commerce.",170,"Deadet, rue de la Feuillade, 2.",fc2d9439-a4c9-5717-ad0b-52d4b9fe3e44,349a7c13-5df5-5550-a912-86215ceb1115
d1/s0.85-0.90,6.38,1,0.8803,oui,NON,"Beaucoup plus probablement ""Dechezelle, rue St-Dominique, 58"" en 1808 -> déménagement mais exactement le même nom et rue","LISTE DE NON-COMMERÇANS, CONTENANT Les Noms et Adresses des principaux Habitans de PARIS, qui n'exercent aucun commerce.",155,"Dechézelle, rue S.-Dominique, 64.","LISTES DE NON-COMMERÇANS, CONTENANT Les Noms et Adresses des principaux Habitans de PARIS, qui n'exercent aucun commerce.",166,"Dechevelle, rue St.-Dominique, 58.",5cd9d40c-ae94-5b24-a018-1aafd60ac480,1338ed76-5f74-5aab-8b76-bc82cbad3b2d
d3/s0.90+,2.38,3,0.9313,oui,OUI,M.e et Mad. désignent une femme.,"LISTE DE NON-COMMERÇANS, CONTENANT Les Noms et Adresses des principaux Habitans de PARIS, qui n'exercent aucun commerce.",156,"Decosse (M.e), rue Duphot, 10.","LISTES DE NON-COMMERÇANS, CONTENANT Les Noms et Adresses des principaux Habitans de PARIS, qui n'exercent aucun commerce.",167,"Decosse, (Mad.) rue Duphot, 10.",1b59ad72-7ce7-5243-ad5a-6fafb7531547,38efdcd8-9bc5-5e2b-8130-e06f5f474ffc
d11-50/s0.60-0.75,46.50,44,0.6716,non,NON,,"LISTE DE NON-COMMERÇANS, CONTENANT Les Noms et Adresses des principaux Habitans de PARIS, qui n'exercent aucun commerce.",156,"Dejeau père, rue de Cléry, 5.","LISTES DE NON-COMMERÇANS, CONTENANT Les Noms et Adresses des principaux Habitans de PARIS, qui n'exercent aucun commerce.",166,"Declerk père, rue Montmartre, 139.",24ac2d93-943b-54c1-ac4a-97fdef62af36,82de7b7d-697e-5ffb-b19d-22b1e29fe0f4
d6-10/s0.90+,2.12,7,0.9915,oui,OUI,,"LISTE DE NON-COMMERÇANS, CONTENANT Les Noms et Adresses des principaux Habitans de PARIS, qui n'exercent aucun commerce.",156,"Delarche, rue S.-Georges, 10.","LISTES DE NON-COMMERÇANS, CONTENANT Les Noms et Adresses des principaux Habitans de PARIS, qui n'exercent aucun commerce.",167,"Delarche, rue St.-Georges, 10.",30c92ac8-1601-57aa-a06a-0e73b30797e9,6d0ea81c-7b1c-5b12-8751-27fec00ebb76
d6-10/s0.90+,2.12,7,0.9298,oui,OUI,"La femme (Me) en 1807, probablement le mari en 1808. Est-ce que ce doit être traité comme la même personne ? Je dirais oui par simplicité.","LISTE DE NON-COMMERÇANS, CONTENANT Les Noms et Adresses des principaux Habitans de PARIS, qui n'exercent aucun commerce.",156,"De la Rianderie (M.e), rue du Bacq, 87.","LISTES DE NON-COMMERÇANS, CONTENANT Les Noms et Adresses des principaux Habitans de PARIS, qui n'exercent aucun commerce.",167,"De la Rianderie, rue du Bacq, 87.",1207dc45-60e3-5ef0-a67b-450cd2d92985,2e04fa8f-5d54-50a3-b2e2-d699140bf22e
d>50/s0.85-0.90,1.00,900,0.8631,oui,OUI,variation orthographique légère,"LISTE DE NON-COMMERÇANS, CONTENANT Les Noms et Adresses des principaux Habitans de PARIS, qui n'exercent aucun commerce.",157,"Demazillière, rue de Courcelles, 11.","LISTES DE NON-COMMERÇANS, CONTENANT Les Noms et Adresses des principaux Habitans de PARIS, qui n'exercent aucun commerce.",178,"Mazillière, (De) rue de Courcelles, 11.",e00d9ca6-7c83-5e48-a7c9-896bd35dbd63,6041ad99-5fd0-582e-b389-a2814ab8a724
d>50/s0.75-0.85,8.75,128,0.7842,non,NON,,"LISTE DE NON-COMMERÇANS, CONTENANT Les Noms et Adresses des principaux Habitans de PARIS, qui n'exercent aucun commerce.",158,"Denien, rue de la Chaise, 5.","LISTES DE NON-COMMERÇANS, CONTENANT Les Noms et Adresses des principaux Habitans de PARIS, qui n'exercent aucun commerce.",167,"Defiennes, rue de Clichy, 17.",9e38e27b-f18b-5ee4-bc35-319baf1d328c,3477011a-413c-54e1-bcb0-8ab66f1a40e7
d4-5/s0.75-0.85,2.25,4,0.7500,non,NON,,"LISTE DE NON-COMMERÇANS, CONTENANT Les Noms et Adresses des principaux Habitans de PARIS, qui n'exercent aucun commerce.",158,"Denuelle Vigny, rue des Marais, 19.","LISTES DE NON-COMMERÇANS, CONTENANT Les Noms et Adresses des principaux Habitans de PARIS, qui n'exercent aucun commerce.",168,"De Neuilly, rue Caumartin, 1.",875f94f2-ad24-561d-a135-51fdd2fa0f87,6e2e266f-c620-5182-9f22-08eac2e6ba45
d11-50/s0.75-0.85,4.00,26,0.7541,non,NON,,"LISTE DE NON-COMMERÇANS, CONTENANT Les Noms et Adresses des principaux Habitans de PARIS, qui n'exercent aucun commerce.",158,"Desprez, rue de la Vrillière, 2.","LISTES DE NON-COMMERÇANS, CONTENANT Les Noms et Adresses des principaux Habitans de PARIS, qui n'exercent aucun commerce.",170,"Dêtrez, rue de Lille, 95.",2a92caaa-f78f-5762-9440-beece9e5391d,e27d0fee-0278-543c-8e78-224e43ebfb9f
d>50/s0.85-0.90,1.00,218,0.8618,oui,NON,"Peu plausible : Pas le même nom avec une pronocniation très différente (donc peu de risque de confusion à la recopie par les auteurs), pas la même adresse.","LISTE DE NON-COMMERÇANS, CONTENANT Les Noms et Adresses des principaux Habitans de PARIS, qui n'exercent aucun commerce.",159,"Destennes, rue de Cléry, 17.","LISTES DE NON-COMMERÇANS, CONTENANT Les Noms et Adresses des principaux Habitans de PARIS, qui n'exercent aucun commerce.",167,"Defiennes, rue de Clichy, 17.",73644ac1-1d6b-5b91-b1e4-ceeb3eb28146,3477011a-413c-54e1-bcb0-8ab66f1a40e7
d>50/s0.90+,2.12,64,0.9445,oui,OUI,variation orthographique ,"LISTE DE NON-COMMERÇANS, CONTENANT Les Noms et Adresses des principaux Habitans de PARIS, qui n'exercent aucun commerce.",159,"Desnuel Laplaine, rue du Mont-Blanc, 10.","LISTES DE NON-COMMERÇANS, CONTENANT Les Noms et Adresses des principaux Habitans de PARIS, qui n'exercent aucun commerce.",169,"Desnuel-la-Plaine, r. du Mont-Blanc, 10.",d2bd0642-1216-52cf-b07e-58a4fb4436df,ca270416-d806-59fa-a1eb-a932256bc51c
d11-50/s0.60-0.75,46.50,32,0.6479,non,NON,,"LISTE DE NON-COMMERÇANS, CONTENANT Les Noms et Adresses des principaux Habitans de PARIS, qui n'exercent aucun commerce.",159,"Dinglemar, rue N.-des-Mathurins, 63.","LISTES DE NON-COMMERÇANS, CONTENANT Les Noms et Adresses des principaux Habitans de PARIS, qui n'exercent aucun commerce.",170,"Dozier, rue Montmartre, 148.",6e94c268-386f-5809-9945-0ac98ed0b5c4,d425f005-4d44-5452-9478-fe37dc3a3c82
d1/s0.85-0.90,6.38,1,0.8552,oui,OUI,Précision du prénom en 1807.,"LISTE DE NON-COMMERÇANS, CONTENANT Les Noms et Adresses des principaux Habitans de PARIS, qui n'exercent aucun commerce.",160,"Dumas (Auguste), rue de Chaillot, 70.","LISTES DE NON-COMMERÇANS, CONTENANT Les Noms et Adresses des principaux Habitans de PARIS, qui n'exercent aucun commerce.",171,"Dumas, rue de Chaillot, 70.",67de2395-4714-587e-9e5b-e5ffb4bcf3f2,64e6361f-aa35-52cb-86fc-3cc1e8d5fe0b
d6-10/s0.85-0.90,1.00,7,0.8538,non,NON,"""Duperrier, rue de Grammont, 17."" existe aussi en 1807","LISTE DE NON-COMMERÇANS, CONTENANT Les Noms et Adresses des principaux Habitans de PARIS, qui n'exercent aucun commerce.",160,"Duperrier, rue de la Victoire, 29.","LISTES DE NON-COMMERÇANS, CONTENANT Les Noms et Adresses des principaux Habitans de PARIS, qui n'exercent aucun commerce.",171,"Duperrier, rue de Grammont, 17.",7bdafe61-a8b6-5f45-878b-d40756c049a7,426dc03d-62ca-52c9-b5a8-8d0f1738cbcd
d6-10/s0.60-0.75,16.50,10,0.7236,non,NON,,"LISTE DE NON-COMMERÇANS, CONTENANT Les Noms et Adresses des principaux Habitans de PARIS, qui n'exercent aucun commerce.",160,"Dupont, rue Cérutti, 56.","LISTES DE NON-COMMERÇANS, CONTENANT Les Noms et Adresses des principaux Habitans de PARIS, qui n'exercent aucun commerce.",171,"Dunetz, rue Soufflot, 4.",5a059eff-50a4-56fa-bcfc-455212faae18,491b43f4-0a02-5bf4-b598-18c376a1b23f
d2/s0.75-0.85,3.75,2,0.8273,non,NON,"""Dupré, rue de la Victoire, 35."" existe aussi en 1807.","LISTE DE NON-COMMERÇANS, CONTENANT Les Noms et Adresses des principaux Habitans de PARIS, qui n'exercent aucun commerce.",160,"Dupré, rue S.-Nicaise, 8.","LISTES DE NON-COMMERÇANS, CONTENANT Les Noms et Adresses des principaux Habitans de PARIS, qui n'exercent aucun commerce.",171,"Dupré, rue de la Victoire, 35.",ad9ea95a-b2fd-5069-a127-64439ebb78c7,e58bf185-84c3-56fb-a03c-dbb219834f0c
d1/s0.60-0.75,10.00,1,0.6873,non,NON,,"LISTE DE NON-COMMERÇANS, CONTENANT Les Noms et Adresses des principaux Habitans de PARIS, qui n'exercent aucun commerce.",161,"Durand, rue S.-Florentin, 11.","LISTES DE NON-COMMERÇANS, CONTENANT Les Noms et Adresses des principaux Habitans de PARIS, qui n'exercent aucun commerce.",171,"Duras, (Mad. de) rue de Varennes, 31.",88a81a61-9ca3-56ca-a6fd-b4e311a13399,b79f93ac-7eb8-57df-8fa7-4ee4ab70314b
d1/s0.90+,17.62,1,0.9783,oui,OUI,"Lettre ""l"" très effacée en 1808 et ratée par l'OCR.","LISTE DE NON-COMMERÇANS, CONTENANT Les Noms et Adresses des principaux Habitans de PARIS, qui n'exercent aucun commerce.",162,"Francklin, rue Verte, 6.","LISTES DE NON-COMMERÇANS, CONTENANT Les Noms et Adresses des principaux Habitans de PARIS, qui n'exercent aucun commerce.",172,"Franckin, rue Verte, 6.",f2c846ec-6226-5e35-9264-057703f5f8f0,296a61b0-27d6-5b0f-8bb9-9f9cd3ca46aa
d1/s0.85-0.90,6.38,1,0.8624,oui,OUI,Erreur OCR en 1807 : 5 -> 3,"LISTE DE NON-COMMERÇANS, CONTENANT Les Noms et Adresses des principaux Habitans de PARIS, qui n'exercent aucun commerce.",162,"Gautiés (V.e), rue Coq-Héron, 5.","LISTES DE NON-COMMERÇANS, CONTENANT Les Noms et Adresses des principaux Habitans de PARIS, qui n'exercent aucun commerce.",173,"Gautié, (Mad. Ve.) rue Coq-Héron, 3.",c7e976b9-6f8d-53c7-9c89-f750642baf36,a87df018-721e-5b5a-9721-b3254b3c3d89
d2/s0.85-0.90,1.88,2,0.8783,oui,OUI,Simple précision du quartier pour une rue avec des homonymes dans Paris à l'époque. Ajouter le suffixe du quartier était une pratique de désambiguisation courante.,"LISTE DE NON-COMMERÇANS, CONTENANT Les Noms et Adresses des principaux Habitans de PARIS, qui n'exercent aucun commerce.",162,"Geoffroy Dassy (V.e), rue de Paradis, 16.","LISTES DE NON-COMMERÇANS, CONTENANT Les Noms et Adresses des principaux Habitans de PARIS, qui n'exercent aucun commerce.",173,"Geoffroy-Dassy, (Ve.) rue de Paradis, 16, au Marais.",95c1dfe9-9e78-5e35-8c50-8725e151a5ef,a412e174-484f-522c-aa3e-1b8ba46530d8
d2/s0.75-0.85,3.75,2,0.8281,non,NON,"""Girard, rue d'Anjou-St.-Honoré, 45."" de 1808 doit aller avec ""Girard, rue d'Anjon, 45"" en 1807.","LISTE DE NON-COMMERÇANS, CONTENANT Les Noms et Adresses des principaux Habitans de PARIS, qui n'exercent aucun commerce.",163,"Girard, rue S.-Dominique, 57.","LISTES DE NON-COMMERÇANS, CONTENANT Les Noms et Adresses des principaux Habitans de PARIS, qui n'exercent aucun commerce.",173,"Girard, rue d'Anjou-St.-Honoré, 45.",1610c3de-7527-5f60-9d58-10f53a829a12,77d3cb4e-0918-51ba-a08a-d39535ba8a36
d1/s0.60-0.75,10.00,1,0.6853,non,NON,,"LISTE DE NON-COMMERÇANS, CONTENANT Les Noms et Adresses des principaux Habitans de PARIS, qui n'exercent aucun commerce.",163,"Henin, rue Neuve-des-Mathurins, 68.","LISTES DE NON-COMMERÇANS, CONTENANT Les Noms et Adresses des principaux Habitans de PARIS, qui n'exercent aucun commerce.",174,"Henard, rue de Choiseul, 6.",b389a196-eaa5-59f4-80f3-9aa211f76f64,a3f05d40-1b0b-57f9-b0a0-8579be4afb42
d4-5/s0.85-0.90,1.00,5,0.8904,oui,OUI,"Probable, différence d'orthographe mais la prononciation est proche.","LISTE DE NON-COMMERÇANS, CONTENANT Les Noms et Adresses des principaux Habitans de PARIS, qui n'exercent aucun commerce.",164,"Imbert, palais du Tribunal, 146-154.","LISTES DE NON-COMMERÇANS, CONTENANT Les Noms et Adresses des principaux Habitans de PARIS, qui n'exercent aucun commerce.",174,"Humbert, palais du Tribunat, 146-154.",f2b0a271-9bab-56cc-ba70-e96f5f9dc5da,cadbcf69-e8e9-5a73-a97d-79d38ae1f3ff
d11-50/s0.60-0.75,46.50,27,0.6952,non,NON,,"LISTE DE NON-COMMERÇANS, CONTENANT Les Noms et Adresses des principaux Habitans de PARIS, qui n'exercent aucun commerce.",165,"Lacombe, rue de l'Arbre-sec, 48.","LISTES DE NON-COMMERÇANS, CONTENANT Les Noms et Adresses des principaux Habitans de PARIS, qui n'exercent aucun commerce.",175,"Lambert, rue N.-des-Petits-Champs, 72.",bd5e8dae-73a5-552a-85b9-e41aff5967d5,4f5acf5f-1633-58cd-889c-d7da01f26cba
d3/s0.75-0.85,1.50,3,0.7657,non,NON,,"LISTE DE NON-COMMERÇANS, CONTENANT Les Noms et Adresses des principaux Habitans de PARIS, qui n'exercent aucun commerce.",165,"Lambertye, rue d'Orléans, 5.","LISTES DE NON-COMMERÇANS, CONTENANT Les Noms et Adresses des principaux Habitans de PARIS, qui n'exercent aucun commerce.",175,"Lambert, rue N.-des-Petits-Champs, 72.",c55389b2-abcf-5336-b844-e9031701c493,4f5acf5f-1633-58cd-889c-d7da01f26cba
d1/s0.90+,17.62,1,0.9445,oui,OUI,,"LISTE DE NON-COMMERÇANS, CONTENANT Les Noms et Adresses des principaux Habitans de PARIS, qui n'exercent aucun commerce.",165,"Lameth (M.e), rue de Grenelle-Saint-Germain, 27.","LISTES DE NON-COMMERÇANS, CONTENANT Les Noms et Adresses des principaux Habitans de PARIS, qui n'exercent aucun commerce.",176,"Lameth, (Mad.) rue de Grenelle-Saint-Germain, 27.",109d0ac4-dd46-5431-a6cd-56828d490ce4,109f2c78-3f01-5a99-998d-46a506351add
d>50/s0.75-0.85,8.75,67,0.7787,non,NON,,"LISTE DE NON-COMMERÇANS, CONTENANT Les Noms et Adresses des principaux Habitans de PARIS, qui n'exercent aucun commerce.",165,"Lascour, rue de Bourgogne, 101.","LISTES DE NON-COMMERÇANS, CONTENANT Les Noms et Adresses des principaux Habitans de PARIS, qui n'exercent aucun commerce.",175,"Labour, rue des Jeuneurs, 7.",baca3512-95b8-5aaf-bc34-dafeeb359b63,eb876990-02e9-5f40-832d-1741e55160d9
d2/s0.75-0.85,3.75,2,0.7519,non,NON,,"LISTE DE NON-COMMERÇANS, CONTENANT Les Noms et Adresses des principaux Habitans de PARIS, qui n'exercent aucun commerce.",166,"Le Chalard (M.e), rue Saint-Georges, 32.","LISTES DE NON-COMMERÇANS, CONTENANT Les Noms et Adresses des principaux Habitans de PARIS, qui n'exercent aucun commerce.",176,"Le Clerc, (Mad.) rue de la Victoire, 56.",2864b5c8-b115-5821-98ef-c82c524b8c4b,2eadf518-35b9-5567-b896-c6483a10f556
d3/s0.90+,2.38,3,0.9193,oui,OUI,,"LISTE DE NON-COMMERÇANS, CONTENANT Les Noms et Adresses des principaux Habitans de PARIS, qui n'exercent aucun commerce.",166,"Lecoq Lallemand, rue Saint-Lazare, 79.","LISTES DE NON-COMMERÇANS, CONTENANT Les Noms et Adresses des principaux Habitans de PARIS, qui n'exercent aucun commerce.",176,"Lecoq-Lallemant, rue St.-Lazare, 79.",720bde98-0acf-5d05-8b69-8ccfd9ffff8a,4a8dcdd1-158c-5c04-a293-b1e02030db7f
d3/s0.85-0.90,1.00,3,0.8627,oui,OUI,"Possiblement le père en 1807 puis le fils en 1808, mais pas assez d'indications. On peut considérer par défaut que c'est le même.","LISTE DE NON-COMMERÇANS, CONTENANT Les Noms et Adresses des principaux Habitans de PARIS, qui n'exercent aucun commerce.",166,"Lecomte père, rue Salle-au-Comte, 12.","LISTES DE NON-COMMERÇANS, CONTENANT Les Noms et Adresses des principaux Habitans de PARIS, qui n'exercent aucun commerce.",176,"Le Comte, rue Salle-au-Comte, 12.",d1654b6f-dfe8-5bf2-8c94-39c2b0ee4117,25020d34-1256-5216-91b7-70dd8cb879ae
d11-50/s0.75-0.85,4.00,22,0.7950,non,NON,,"LISTE DE NON-COMMERÇANS, CONTENANT Les Noms et Adresses des principaux Habitans de PARIS, qui n'exercent aucun commerce.",166,"Le Joian (M.e), rue du Faubourg-Poissonnière, 91.","LISTES DE NON-COMMERÇANS, CONTENANT Les Noms et Adresses des principaux Habitans de PARIS, qui n'exercent aucun commerce.",177,"Lepointe, rue du Faub.-Poissonnière, 10.",f18de9ba-b80b-587a-aa22-9f472180ad9c,895466a7-6cf3-52a1-a254-096a3c8fa84b
d3/s0.60-0.75,6.00,3,0.6509,non,NON,,"LISTE DE NON-COMMERÇANS, CONTENANT Les Noms et Adresses des principaux Habitans de PARIS, qui n'exercent aucun commerce.",167,"Lestivenon, quai de l'Ecole, 10.","LISTES DE NON-COMMERÇANS, CONTENANT Les Noms et Adresses des principaux Habitans de PARIS, qui n'exercent aucun commerce.",177,"Leveneur, rue de la Ville-l'Evêque, 37.",bd00a5fe-ffd9-5266-8977-86ad81bc3ff7,ab1ff3f6-9d7f-50a0-a034-91989e8a0ee5
d3/s0.90+,2.38,3,0.9141,oui,OUI,"La femme (Me) en 1807, probablement le mari en 1808. Est-ce que ce doit être traité comme la même personne ? Je dirais oui par simplicité.","LISTE DE NON-COMMERÇANS, CONTENANT Les Noms et Adresses des principaux Habitans de PARIS, qui n'exercent aucun commerce.",167,"Leveillard (M.e), rue d'Enfer, 44.","LISTES DE NON-COMMERÇANS, CONTENANT Les Noms et Adresses des principaux Habitans de PARIS, qui n'exercent aucun commerce.",177,"Leveillard, rue d'Enfer, 44.",6599563d-045d-5ede-abfe-c3b28bd221ec,7711c47f-cdcb-51c9-80ad-6cd10b019064
d4-5/s0.60-0.75,6.75,5,0.7047,non,INCERTAIN,"Probablement le même, avec une graphie un peu différente. La mention de ""fils"" en 1807 seulement laisse penser qu'il s'agit d'un résidu de 1806 où devait apparaitre encore le père.","LISTE DE NON-COMMERÇANS, CONTENANT Les Noms et Adresses des principaux Habitans de PARIS, qui n'exercent aucun commerce.",167,"Luines (De) de Chevreuse fils, rue Saint-Dominique, 33.—Font. de Grenelle.","LISTES DE NON-COMMERÇANS, CONTENANT Les Noms et Adresses des principaux Habitans de PARIS, qui n'exercent aucun commerce.",177,"Luynes-Chevreuse, (De) rue St.-Dominique, 33.",04c2ffda-51f0-5fae-99a6-0e08926a43fb,f6aacc7d-5aec-55d1-987d-402300a872d3
d>50/s0.85-0.90,1.00,60,0.8553,oui,OUI,Plausible voir probable. Pas d'ambiguité + possible variation de graphie par les auteurs + pas d'erreur OCR.,"LISTE DE NON-COMMERÇANS, CONTENANT Les Noms et Adresses des principaux Habitans de PARIS, qui n'exercent aucun commerce.",167,"Magnaud, rue d'Anjou, 41.","LISTES DE NON-COMMERÇANS, CONTENANT Les Noms et Adresses des principaux Habitans de PARIS, qui n'exercent aucun commerce.",178,"Maynaud, rue d'Anjou-St.-Honoré, 41.",9aa8acd9-de34-5356-b71d-7c21b9b1c40a,2160d984-8f1c-54b8-b885-1f4399946411
d3/s0.85-0.90,1.00,3,0.8838,oui,OUI,Plausible. Pas d'erreur OCR + pas de Mariette en 1807 + pas d'autre Marcotte ambigu en 1808 (le seul est déjà lié). Ça peut être une erreur de copie des auteurs.,"LISTE DE NON-COMMERÇANS, CONTENANT Les Noms et Adresses des principaux Habitans de PARIS, qui n'exercent aucun commerce.",168,"Marcotte, rue d'Enfer, 31.","LISTES DE NON-COMMERÇANS, CONTENANT Les Noms et Adresses des principaux Habitans de PARIS, qui n'exercent aucun commerce.",178,"Mariette, rue d'Enfer, 31.",86e094b8-ae58-587c-833a-982034056513,e9beca1a-910c-5c66-994e-69ed27e714f4
d1/s0.75-0.85,7.75,1,0.7877,non,NON,"""Martin, rue N.-Dame-des-Champs, 16."" est également présent en 1807, c'est lui qui doit être lié à l'entrée de 1808.
","LISTE DE NON-COMMERÇANS, CONTENANT Les Noms et Adresses des principaux Habitans de PARIS, qui n'exercent aucun commerce.",168,"Martin, rue du Faub.-Saint Martin, 70.","LISTES DE NON-COMMERÇANS, CONTENANT Les Noms et Adresses des principaux Habitans de PARIS, qui n'exercent aucun commerce.",178,"Martin, rue N.-Dame-des-Champs, 16.",0ff3c316-4bb0-54ff-b06e-f1fa5f533026,a33bc5ee-a5d7-5c63-85dc-e6414c4fae2c
d11-50/s0.60-0.75,46.50,13,0.7342,non,NON,,"LISTE DE NON-COMMERÇANS, CONTENANT Les Noms et Adresses des principaux Habitans de PARIS, qui n'exercent aucun commerce.",168,"Mathieu, rue du Regard, 15.","LISTES DE NON-COMMERÇANS, CONTENANT Les Noms et Adresses des principaux Habitans de PARIS, qui n'exercent aucun commerce.",178,"Marteau, rue St.-Dominique, 55.",2249be81-fbcf-5793-accd-20d0fa9531e9,98a5a83e-6733-52b6-a999-3696650b14c8
d11-50/s0.90+,3.62,19,0.9490,oui,OUI,Plausible à probable : Simple différence d'une lettre qui ne change pas la prononciation + même adresse.,"LISTE DE NON-COMMERÇANS, CONTENANT Les Noms et Adresses des principaux Habitans de PARIS, qui n'exercent aucun commerce.",169,"Monteron, rue de Cérutti, 1.","LISTES DE NON-COMMERÇANS, CONTENANT Les Noms et Adresses des principaux Habitans de PARIS, qui n'exercent aucun commerce.",179,"Montron, rue Cérutti, 1.",d0f06877-388d-537c-997c-0f4465bc7318,eb2c818d-2db1-5f66-918f-b8a3cec6b7ed
d4-5/s0.60-0.75,6.75,5,0.6823,non,NON,,"LISTE DE NON-COMMERÇANS, CONTENANT Les Noms et Adresses des principaux Habitans de PARIS, qui n'exercent aucun commerce.",169,"Montgomery (De), rue Neuve-des-Mathurins, 56.","LISTES DE NON-COMMERÇANS, CONTENANT Les Noms et Adresses des principaux Habitans de PARIS, qui n'exercent aucun commerce.",179,"Montmorency, (Mad. Ve.) place du Corps-Législatif, 87.",5ffe5684-7925-5909-a4e1-6ddd4ecd7733,82ad1b26-6df5-565a-bb56-512eaa7d7fe8
d2/s0.90+,7.25,2,0.9227,oui,OUI,Déménagement vraisemblable,"LISTE DE NON-COMMERÇANS, CONTENANT Les Noms et Adresses des principaux Habitans de PARIS, qui n'exercent aucun commerce.",169,"Montmorency de Tancarville, rue de Varennes, 14.","LISTES DE NON-COMMERÇANS, CONTENANT Les Noms et Adresses des principaux Habitans de PARIS, qui n'exercent aucun commerce.",179,"Montmorency de Tancarville, rue de la Planche, 7.",a415b204-bb9f-51e8-bfdf-6cdd8342c6aa,8ed80d46-cec5-5177-b8e0-aa3a28af0a05
d6-10/s0.75-0.85,2.75,9,0.8486,non,INCERTAIN,"Plausible, car pas de Mulleceau en 1807 et pas de Mouillesaux en 1808 + meme adresse. Mais incertain.","LISTE DE NON-COMMERÇANS, CONTENANT Les Noms et Adresses des principaux Habitans de PARIS, qui n'exercent aucun commerce.",169,"Mouillesaulx, rue du Sentier, 16.","LISTES DE NON-COMMERÇANS, CONTENANT Les Noms et Adresses des principaux Habitans de PARIS, qui n'exercent aucun commerce.",179,"Mulleceau, rue du Sentier, 16.",c19704e1-6c85-5a2a-9d50-db5f1ed1f242,090650ca-b676-5066-998d-bd515f701295
d3/s0.60-0.75,6.00,3,0.6443,non,NON,,"LISTE DE NON-COMMERÇANS, CONTENANT Les Noms et Adresses des principaux Habitans de PARIS, qui n'exercent aucun commerce.",170,"Nivernois (M.e V.e de), rue Neuve-des-Mathurins, 35.","LISTES DE NON-COMMERÇANS, CONTENANT Les Noms et Adresses des principaux Habitans de PARIS, qui n'exercent aucun commerce.",180,"Nogues, (Mad. Ve.) rue Villedot, 8.",93047e65-4cab-5dc7-ac5c-f3bbdd89b0f5,1121cb84-2e4e-5caf-9906-f07756bb9ea1
d6-10/s0.75-0.85,2.75,8,0.7603,non,NON,,"LISTE DE NON-COMMERÇANS, CONTENANT Les Noms et Adresses des principaux Habitans de PARIS, qui n'exercent aucun commerce.",170,"Pacot, rue de Bondy, 12.","LISTES DE NON-COMMERÇANS, CONTENANT Les Noms et Adresses des principaux Habitans de PARIS, qui n'exercent aucun commerce.",180,"Panichot, rue des Saints-Pères, 3.",15730a53-cfea-58dc-aa17-be52a604dca7,e6cedf63-a0e7-543e-b3e1-f5d08da163f3
d2/s0.75-0.85,3.75,2,0.8073,non,NON,"Les deux autres occurences de Paris sont liées. Reste uniquement Paries <-> Paris. Avec un nom un peu différent et une adresse différente, c'est top incertain.","LISTE DE NON-COMMERÇANS, CONTENANT Les Noms et Adresses des principaux Habitans de PARIS, qui n'exercent aucun commerce.",170,"Paries, rue Neuve-des-Petits-Champs, 14.","LISTES DE NON-COMMERÇANS, CONTENANT Les Noms et Adresses des principaux Habitans de PARIS, qui n'exercent aucun commerce.",180,"Paris, rue des Saints-Pères, 9.",81036871-47bc-5785-88a0-dbd87c878cd0,f2f9e4b7-cf6c-5058-8014-2d34fff1ef7e
d2/s0.90+,7.25,2,1.2000,oui,OUI,,"LISTE DE NON-COMMERÇANS, CONTENANT Les Noms et Adresses des principaux Habitans de PARIS, qui n'exercent aucun commerce.",171,"Perrot, rue des Tournelles, 32.","LISTES DE NON-COMMERÇANS, CONTENANT Les Noms et Adresses des principaux Habitans de PARIS, qui n'exercent aucun commerce.",180,"Perrot, rue des Tournelles, 32.",25ebbb7b-a439-5962-8199-05cb3374159a,85a85875-f8c5-5cce-9790-863a82ba863a
d>50/s0.60-0.75,105.25,56,0.6267,non,NON,,"LISTE DE NON-COMMERÇANS, CONTENANT Les Noms et Adresses des principaux Habitans de PARIS, qui n'exercent aucun commerce.",171,"Petit Leudeville, rue de Paradis, au Marais, 14.","LISTES DE NON-COMMERÇANS, CONTENANT Les Noms et Adresses des principaux Habitans de PARIS, qui n'exercent aucun commerce.",181,"Prud'homme, rue des Marais, 18.",8c93ce44-b3b8-5a61-9034-111269b8ce61,a44907f2-ebcf-59c8-8610-dfa1be04945e
d>50/s0.60-0.75,105.25,172,0.6925,non,NON,,"LISTE DE NON-COMMERÇANS, CONTENANT Les Noms et Adresses des principaux Habitans de PARIS, qui n'exercent aucun commerce.",171,"Pinon (Le gén.), rue Grange-Batelière, 11.","LISTES DE NON-COMMERÇANS, CONTENANT Les Noms et Adresses des principaux Habitans de PARIS, qui n'exercent aucun commerce.",183,"Saint-Léon, (Mad.) rue Grange-Batelière, 24.",fc22aa77-dad5-56c8-bc9f-26a70c11fdc3,dc898800-e421-5971-a03b-deb2218882ed
d>50/s0.60-0.75,105.25,1637,0.6390,non,NON,,"LISTE DE NON-COMMERÇANS, CONTENANT Les Noms et Adresses des principaux Habitans de PARIS, qui n'exercent aucun commerce.",172,"Rauquil, rue Saint-Sebastien, 52.","LISTES DE NON-COMMERÇANS, CONTENANT Les Noms et Adresses des principaux Habitans de PARIS, qui n'exercent aucun commerce.",163,"Caruel, rue Grange-Batelière, 6.",58761edf-e0cb-5276-abc9-27b5ea26bd12,e4e2d5a5-d88f-5adb-aaab-3cfdebc138ca
d>50/s0.90+,2.12,1967,0.9302,oui,INCERTAIN,Pas de Arnaud en 1807. Un Renault en 1808 mais rue Croix des Petits Champns 39.,"LISTE DE NON-COMMERÇANS, CONTENANT Les Noms et Adresses des principaux Habitans de PARIS, qui n'exercent aucun commerce.",172,"Renaud, rue Neuve-des-Mathurins, 6.","LISTES DE NON-COMMERÇANS, CONTENANT Les Noms et Adresses des principaux Habitans de PARIS, qui n'exercent aucun commerce.",159,"Arnaud, rue Neuve-des-Mathurins, 6.",326165e4-c254-535c-a07d-2d4225e6261f,d846fe4c-f3a4-5f7e-b06f-51f5916a1c99
d1/s0.85-0.90,6.38,1,0.8891,oui,OUI,Erreur OCR en 1807: 15 -> 31 + elle est devenue veuve en 1808.,"LISTE DE NON-COMMERÇANS, CONTENANT Les Noms et Adresses des principaux Habitans de PARIS, qui n'exercent aucun commerce.",172,"Richelieu (M.e de), rue de la Magde- leine, 51.","LISTES DE NON-COMMERÇANS, CONTENANT Les Noms et Adresses des principaux Habitans de PARIS, qui n'exercent aucun commerce.",182,"Richelieu, (Ve. de) r. de la Madelaine, 31.",524dccd7-5216-5e4c-9c45-6c09fb979dc9,dc520ae5-9025-57a9-b179-7f81ba4110b1
d1/s0.75-0.85,7.75,1,0.8226,non,INCERTAIN,"Sans doute le même car l'autre Roussel en 1807 est au passage des jacobins, 1, ce qui semble correspondre au Roussel rue du marché des jacobins, 1 en 1808. Mais doute raisonnable.","LISTE DE NON-COMMERÇANS, CONTENANT Les Noms et Adresses des principaux Habitans de PARIS, qui n'exercent aucun commerce.",173,"Roussel, rue Villedot, 13.","LISTES DE NON-COMMERÇANS, CONTENANT Les Noms et Adresses des principaux Habitans de PARIS, qui n'exercent aucun commerce.",182,"Roussel, rue Neuve-St.-Eustache, 15.",f815fee3-b20e-510a-9365-9cc6183e1f8d,f69d6e5b-b9ce-5559-8f49-1bb731bc23ef
d2/s0.60-0.75,7.62,2,0.7293,non,INCERTAIN,"Possiblement le même car pas d'autre Saint-Maur, mais suppose un déménagement.","LISTE DE NON-COMMERÇANS, CONTENANT Les Noms et Adresses des principaux Habitans de PARIS, qui n'exercent aucun commerce.",173,"S.-Maur (De), rue de la Chaise, 26.","LISTES DE NON-COMMERÇANS, CONTENANT Les Noms et Adresses des principaux Habitans de PARIS, qui n'exercent aucun commerce.",183,"Saint-Maur, (De) rue de Grenelle-Saint-Germain, 50.",9294d66a-619d-5548-a4ec-09df2bc5884e,a01284d7-3e4c-5dba-8c72-b52e18ca5e43
d>50/s0.85-0.90,1.00,1005,0.8901,oui,INCERTAIN,"Fremur n'existe pas en 1807; Sremeur n'existe pas en 1808  + même adresse + pas d'erreur OCR. C'est possiblement le même s'il y a des typos dans les sources, mais très incertain.","LISTE DE NON-COMMERÇANS, CONTENANT Les Noms et Adresses des principaux Habitans de PARIS, qui n'exercent aucun commerce.",174,"Sremeur, rue Belle-Chasse, 19.","LISTES DE NON-COMMERÇANS, CONTENANT Les Noms et Adresses des principaux Habitans de PARIS, qui n'exercent aucun commerce.",172,"Fremur, rue Bellechasse, 19.",d7abcbee-fc75-521c-920b-bc34621f2b4e,99c3b180-b0f2-5742-ab60-8e8c549b0a4f
d6-10/s0.90+,2.12,6,0.9751,oui,OUI,,"LISTE DE NON-COMMERÇANS, CONTENANT Les Noms et Adresses des principaux Habitans de PARIS, qui n'exercent aucun commerce.",175,"Torolle, rue de Richelieu, 95.","LISTES DE NON-COMMERÇANS, CONTENANT Les Noms et Adresses des principaux Habitans de PARIS, qui n'exercent aucun commerce.",184,"Tourolle, rue de Richelieu, 95.",3a99147a-a7bc-5bdb-a807-6c69d57cff02,8cba9051-5405-5592-baa3-ad37cedf280a
d>50/s0.60-0.75,105.25,2180,0.7481,non,NON,,"LISTE DE NON-COMMERÇANS, CONTENANT Les Noms et Adresses des principaux Habitans de PARIS, qui n'exercent aucun commerce.",175,"Turconny, rue Faub.-Poissonnière, 94.","LISTES DE NON-COMMERÇANS, CONTENANT Les Noms et Adresses des principaux Habitans de PARIS, qui n'exercent aucun commerce.",160,"Baron, rue du Faub.-Poissonnière, 14.",b7ce1af1-2d4d-553d-983d-bb333b83a243,da0b6475-754d-5a44-9870-3fb8fb35d869
d6-10/s0.60-0.75,16.50,7,0.6962,non,NON,,"LISTE DE NON-COMMERÇANS, CONTENANT Les Noms et Adresses des principaux Habitans de PARIS, qui n'exercent aucun commerce.",176,"Vaudoyer (V.e), rue Hauteville, 14.","LISTES DE NON-COMMERÇANS, CONTENANT Les Noms et Adresses des principaux Habitans de PARIS, qui n'exercent aucun commerce.",185,"Verduë, (Ve.) rue d'Anjou, 31.",ee2e69cb-b43a-56e7-aff8-944451b48025,0cff41c0-797d-5ef4-a078-107772cd7b44
d11-50/s0.85-0.90,1.00,15,0.8733,oui,OUI,changement de numéro,"LISTE DE NON-COMMERÇANS, CONTENANT Les Noms et Adresses des principaux Habitans de PARIS, qui n'exercent aucun commerce.",176,"Venderbourg, rue Neuve-la-Fontaine, 12.","LISTES DE NON-COMMERÇANS, CONTENANT Les Noms et Adresses des principaux Habitans de PARIS, qui n'exercent aucun commerce.",185,"Vanderbourg, r. N.-de-la-Fontaine, 10.",164cec73-b16c-5c53-a22b-6f6289fd6124,4a631a03-3ffb-5ae1-8a3a-23f85ff85a74
d>50/s0.60-0.75,105.25,1280,0.7054,non,NON,,"LISTE DE NON-COMMERÇANS, CONTENANT Les Noms et Adresses des principaux Habitans de PARIS, qui n'exercent aucun commerce.",176,"Wuans, rue de la Rochefoucault, 17.","LISTES DE NON-COMMERÇANS, CONTENANT Les Noms et Adresses des principaux Habitans de PARIS, qui n'exercent aucun commerce.",171,"Dumas, rue de Chaillot, 70.",9479dab8-ea76-5c1d-808e-da904e0b9b5b,64e6361f-aa35-52cb-86fc-3cc1e8d5fe0b
d>50/s0.75-0.85,8.75,223,0.7810,non,NON,,DOCTEURS EN MÉDECINE.,181,"Vaume, rue de Chaillot, 103.",DOCTEURS EN MÉDECINE.,187,"Canuet , rue de Chaillot , 10.",56609321-35dd-535d-81a6-d1f70449d527,25316bd9-54b1-5c80-ad1c-59c6227b1e62
