cle,apres,uid,classe,markdown
da5e08ae49ab,,113.1.6,I-TITLE,DU COMMERCE
a18ed10017c8,,113.1.8,I-TITLE,"DE PARIS,"
dd61af492ab2,,113.1.10,I-TITLE,POUR L'AN XII.
0dc255a34af9,,113.2.0,B-TITLE,## AGENS D’AFFAIRES.
c6ea6d85c070,,114.2.0,OUT OF SCOPE,## Agens d'affaires.
8bdcf3bdef75,,116.3.0,B-TITLE,## AGENS DE CHANGE.
6c2de19cbd7d,,141.3.0,B-TITLE,## BRASSEURS.
54194d4b3373,,142.2.0,B-TITLE,## BRONZES. (MARCHANDS ET FABRICANS DE)
967185c88d03,,142.4.0,B-TITLE,## CARCASSES EN LAITON. (FABRICANT DE)
6442a502db23,,142.6.0,B-TITLE,## CARTIERS.
7106e60291b0,,142.8.0,B-TITLE,## CHANDELIERS.
dbe2ecbd3841,,145.3.2,B-TITLE,## CHAPELIERS.
87d5b18e011a,,149.3.0,B-TITLE,## CHIRURGIENS.
521fabf2c636,,154.4.2,B-TITLE,## CONFISÉURS.
39fe66879bbf,,155.4.0,B-TITLE,## CORROYEURS.
0ddf639acf13,,157.5.10,I-ENTRY,"Passage Longueville, R. S. Nicaise, 505—506 — Tuileries.  "
4be738e0ed96,,158.3.0,B-TITLE,## COULEURS. (MARCHANDS DE)
b9f4febfafe8,,159.4.0,I-TITLE,DE LA PLACE DE PARIS.
efd72a3577cf,,160.3.0,B-TITLE,## COUTELIERS.
1c831063c4c6,,161.5.14,I-ENTRY,Contrat Social.
eb8d6916a2d2,,164.4.0,B-TITLE,## DISTILLATEURS.
9fc4ddee8e8e,,165.4.0,B-TITLE,## DRAPIERS.
faea17dc28c7,,168.4.2,B-TITLE,## DROGUISTES.
a2f6653ae896,,169.3.0,B-TITLE,## EAU-DE-VIE. (MARCHANDS D')
2fef365af242,,170.7.0,B-TITLE,## ÈBÉNISTES.
a7ef141755b9,,173.3.0,B-TITLE,## ENTREPRENEURS DE BATIMENS.
58117132b3e5,,176.4.0,B-TITLE,### *Toiseurs et Vérificateurs de Bâtiments.*
3de4c803f856,,177.3.2,B-TITLE,## ÉPICIERS.
5906f1a7fc32,,189.4.0,B-TITLE,## EVENTAILISTES.
257cd2691a96,,191.4.2,B-TITLE,## FAYENCIERS.
4ee005e856b7,,193.4.2,B-TITLE,## FER. (MARCHANDS DE)
418985125c16,,195.4.2,B-TITLE,## FONDEURS .
f93994ae2529,,197.5.0,I-TITLE,D'IMPRIMERIE.
a5fccb6735c3,,199.3.0,B-TITLE,## FRIPIERS.
df358ebc4a68,,202.3.0,B-TITLE,## GANTIERS.
7578e03e5a68,,202.5.0,B-TITLE,## GAZE. (FABRICANS DE)
e5dd255549d1,,203.5.0,B-TITLE,## GRAVEURS.
e67ad835bd9d,,208.4.0,B-TITLE,"## HOMMES DE LOI,"
3ce19c61bb50,,208.7.0,B-TITLE,## HORLOGERS.
157ca706736c,,211.4.2,B-TITLE,## HOTELS GARNIS.
57fbf0cebaff,,219.4.0,I-TITLE,TENANT MAISON D'ÉDUCATION.
79d06860757a,,219.5.0,B-TITLE,### *Directeurs d'Ecoles secondaires.*
b370020c9361,,220.4.0,B-TITLE,#### *Arrondissement de Sceaux*
4e52aa0d2914,,220.6.0,B-TITLE,#### *Arrondissement de Saint-Denis.*
eaec5bb171d2,,220.8.0,B-TITLE,### *Instituteurs particuliers.*
5d7fa82bc3c6,,222.4.0,B-TITLE,### *Institutrices pour les Demoiselles.*
a8f08d81b660,,223.4.0,B-TITLE,## INTERPRÊTES et MTRES. DE LANGUES VIVANTES.
3f9df666ecd1,,230.4.0,B-TITLE,## LAPIDAIRES.
bc478ce248f6,,230.6.0,B-TITLE,## LIBRAIRES.
187903470dbf,,240.3.0,B-TITLE,## LINONS ET BATISTES.
64a2e08ac3c7,,240.5.0,B-TITLE,## LINGERS.
cf500e02437e,,245.3.0,B-TITLE,## LUTHIERS.
2a408d7358a0,,245.5.0,B-TITLE,## MACHINISTES ET MÉCANICIENS.
46c546ae11c4,,247.6.2,B-TITLE,## MAISONS DE PRÊT.
403073e3f0eb,,249.4.0,B-TITLE,## MARBRIERS.
914ddc01a639,,250.5.0,B-TITLE,## MÉDECINS.
9c4d5880b870,,251.3.0,B-TITLE,## MERCIERS.
3dd1ee5f59de,,257.3.2,B-TITLE,## MIROITIERS.
1d1b881880f2,,257.5.0,B-TITLE,## MODES. (MARCHANDS DE)
8d432598e4a8,,259.4.0,B-TITLE,## MOUSSELINES. ( MARCHANDS DE )
75ed40b46a92,,260.3.2,B-TITLE,## MUSIQUE. ( MARCHANDS DE )
77be172de560,,261.3.0,B-TITLE,## NATURALISTES.
5b8b7c1a21f0,,261.5.0,B-TITLE,## NÉGOCIANS.
8f9fd199eafa,,273.6.0,B-TITLE,## OCULISTES.
4eac98989170,,273.8.0,B-TITLE,## OPTICIENS.
fe9a200721a2,,279.4.0,B-TITLE,### *Fabricans de doublés d'or et d'argent.*
d6866005fa8e,,279.6.0,B-TITLE,## PAPETIERS.
e3e8e7ca2e76,,283.4.2,B-TITLE,## PARFUMEURS.
2493e2c77f3c,,287.4.0,B-TITLE,## PEINTRES (ARTISTES.)
f74146dff333,,294.3.0,B-TITLE,## PERLES. (FAB. ET MDS. DE)
f127d8738a15,,294.5.0,B-TITLE,## PHARMACIENS
a0d0c835ce4e,,294.6.0,I-TITLE,DE L'ÉCOLE DE PHARMACIE DE PARIS.
e9f36458d07a,,297.3.0,B-TITLE,## PLOMBIERS.
a27ff07fd892,,298.3.0,B-TITLE,## QUINCAILLIERS .
e56969dd9753,,301.4.2,B-TITLE,## RECEVEURS DE RENTES.
03901902414a,,304.4.0,B-TITLE,## RELIEURS.
e3264d380f47,,308.3.0,B-TITLE,## SAVON. (FABRICANS DE)
e460001ef51b,,308.5.0,B-TITLE,## SCULPTEURS.
f9e4fb5b34c8,,310.3.2,B-TITLE,## SELS. (MARCHANDS DE)
e6d4f8b42569,,310.7.0,B-TITLE,## SELLIERS.
bb01f2dea168,,314.3.0,B-TITLE,"## TABAC, (MARCHANDS ET FABRICANS DE)"
e116a6d13f66,,316.5.0,B-TITLE,## TABLETIERS.
a76d1d23aea6,,322.4.2,B-TITLE,## TEINTURIERS.
c2cd573e8214,,324.3.1,SUB-ENTRY,"**Tient** une prairie R. Ste-Hypp lite, 21, aux Gobelins, pour dé-  "
65fcfa7cc31e,,329.5.0,B-TITLE,## VERRERIE.
bc4738e2f8e2,,330.3.20,I-ENTRY,"Circé ) , R. Basse Porte S. Denis , 4. — Poissonnière.  "
ee35e08f9567,,330.4.0,B-TITLE,#### *Manufactures de Verreries.*
1458c11d2d45,,330.6.0,B-TITLE,#### *Bombeurs de Verres.*
00b6038cecab,,330.8.0,B-TITLE,## VINS. ( MARCHANDS DE )
